-- ============================================
-- SAMPLE DATA FOR CLONE EBAY DATABASE
-- Run this after creating the schema
-- ============================================

-- ============================================
-- USERS
-- ============================================
-- Note: Passwords are hashed using BCrypt
-- All passwords are: "Password123!"

INSERT INTO users (username, first_name, last_name, email, password_hash, role, avatar_url, is_email_verified, is_active, phone) VALUES
('admin_user', 'System', 'Admin', 'admin@ebay.com', '$2a$11$vPMxwZZgbxLfXmKxHqQOvOYdKVPPXqXqXqXqXqXqXqXqXqXqXqXqX', 'admin', 'https://i.pravatar.cc/150?img=1', true, true, '0123456789'),
('john_seller', 'John', 'Seller', 'john.seller@gmail.com', '$2a$12$P/CWuyPU4XChK/zQXfXzb.EXTAAZbqbhm5kCJDl1IU1E5jqtx3tGS', 'seller', 'https://i.pravatar.cc/150?img=2', true, true, '0123456788'),
('jane_shop', 'Jane', 'Shop', 'jane.shop@gmail.com', '$2a$11$vPMxwZZgbxLfXmKxHqQOvOYdKVPPXqXqXqXqXqXqXqXqXqXqXqXqX', 'seller', 'https://i.pravatar.cc/150?img=3', true, true, '0123456787'),
('mike_store', 'Mike', 'Store', 'mike.store@gmail.com', '$2a$12$P/CWuyPU4XChK/zQXfXzb.EXTAAZbqbhm5kCJDl1IU1E5jqtx3tGS', 'seller', 'https://i.pravatar.cc/150?img=4', true, true, '0123456786'),
('sarah_buyer', 'Sarah', 'Johnson', 'sarah.buyer@gmail.com', '$2a$11$vPMxwZZgbxLfXmKxHqQOvOYdKVPPXqXqXqXqXqXqXqXqXqXqXqXqX', 'buyer', 'https://i.pravatar.cc/150?img=5', true, true, '0901234567'),
('david_buyer', 'David', 'Smith', 'david.buyer@gmail.com', '$2a$11$vPMxwZZgbxLfXmKxHqQOvOYdKVPPXqXqXqXqXqXqXqXqXqXqXqXqX', 'buyer', 'https://i.pravatar.cc/150?img=6', true, true, '0912345678'),
('emma_buyer', 'Emma', 'Wilson', 'emma.buyer@gmail.com', '$2a$11$vPMxwZZgbxLfXmKxHqQOvOYdKVPPXqXqXqXqXqXqXqXqXqXqXqXqX', 'buyer', 'https://i.pravatar.cc/150?img=7', true, true, '0923456789'),
('robert_seller', 'Robert', 'Seller', 'robert.seller@gmail.com', '$2a$11$vPMxwZZgbxLfXmKxHqQOvOYdKVPPXqXqXqXqXqXqXqXqXqXqXqXqX', 'seller', 'https://i.pravatar.cc/150?img=8', true, true, '0123456785'),
('lisa_buyer', 'Lisa', 'Brown', 'lisa.buyer@gmail.com', '$2a$12$P/CWuyPU4XChK/zQXfXzb.EXTAAZbqbhm5kCJDl1IU1E5jqtx3tGS', 'buyer', 'https://i.pravatar.cc/150?img=9', true, true, '0934567890'),
('tom_buyer', 'Tom', 'Davis', 'tom.buyer@gmail.com', '$2a$12$P/CWuyPU4XChK/zQXfXzb.EXTAAZbqbhm5kCJDl1IU1E5jqtx3tGS', 'buyer', 'https://i.pravatar.cc/150?img=10', true, true, '0945678901');

-- ============================================
-- ADDRESSES
-- ============================================

INSERT INTO addresses (user_id, full_name, phone, street, city, state, postal_code, country, is_default) VALUES
(5, 'Sarah Johnson', '0901234567', '123 Nguyen Hue Street', 'Ho Chi Minh', 'Ho Chi Minh', '700000', 'Vietnam', true),
(5, 'Sarah Johnson', '0901234567', '456 Le Loi Street', 'Hanoi', 'Hanoi', '100000', 'Vietnam', false),
(6, 'David Smith', '0912345678', '789 Tran Hung Dao', 'Da Nang', 'Da Nang', '550000', 'Vietnam', true),
(7, 'Emma Wilson', '0923456789', '321 Hai Ba Trung', 'Hanoi', 'Hanoi', '100000', 'Vietnam', true),
(7, 'Emma Wilson', '0923456789', '654 Ly Thuong Kiet', 'Ho Chi Minh', 'Ho Chi Minh', '700000', 'Vietnam', false),
(9, 'Lisa Brown', '0934567890', '987 Phan Chu Trinh', 'Hue', 'Thua Thien Hue', '530000', 'Vietnam', true),
(10, 'Tom Davis', '0945678901', '147 Vo Van Tan', 'Can Tho', 'Can Tho', '900000', 'Vietnam', true);


-- ============================================
-- CATEGORIES
-- ============================================


INSERT INTO categories (name, slug, description, parent_id, image_url, is_active, display_order) VALUES
-- Top-level Categories (User Requested 7 First)
('Laptops', 'laptops', 'High-performance laptops and notebooks', NULL, 'https://i.ebayimg.com/images/g/SwAAAeSwvwZpqvtW/s-l500.webp', true, 1),
('Computer parts', 'computer-parts', 'Components and parts for computers', NULL, 'https://i.ebayimg.com/images/g/Dz0AAeSwpDhpqvtW/s-l500.webp', true, 2),
('Smartphones', 'smartphones', 'Latest mobile phones and smartphones', NULL, 'https://i.ebayimg.com/images/g/Rp0AAeSw2yNpqvtW/s-l500.webp', true, 3),
('Enterprise networking', 'enterprise-networking', 'Networking equipment for businesses', NULL, 'https://i.ebayimg.com/images/g/O~AAAeSwcIZpqvtW/s-l500.webp', true, 4),
('Tablets and eBooks', 'tablets-ebooks', 'Tablets, iPads, and eBook readers', NULL, 'https://i.ebayimg.com/images/g/DaUAAeSwYXxpqvtW/s-l500.webp', true, 5),
('Storage and blank media', 'storage-blank-media', 'Hard drives, SSDs, and storage solutions', NULL, 'https://i.ebayimg.com/images/g/JmMAAeSwUztpqvu5/s-l500.webp', true, 6),
('Lenses and filters', 'lenses-filters', 'Camera lenses and filtering equipment', NULL, 'https://i.ebayimg.com/images/g/RusAAeSw0uxpqvtW/s-l500.webp', true, 7),
-- Other Top-level Categories
('Automotive', 'automotive', 'Car parts and accessories', NULL, 'https://images.unsplash.com/photo-1492144534655-ae79c964c9d7', true, 8),
('Fashion', 'fashion', 'Clothing and fashion items', NULL, 'https://images.unsplash.com/photo-1441984904996-e0b6ba687e04', true, 9),
('Home & Garden', 'home-garden', 'Home improvement and garden supplies', NULL, 'https://images.unsplash.com/photo-1484101403633-562f891dc89a', true, 10),
('Sports & Outdoors', 'sports-outdoors', 'Sports equipment and outdoor gear', NULL, 'https://images.unsplash.com/photo-1461896836934-ffe607ba8211', true, 11),
('Books', 'books', 'Books and educational materials', NULL, 'https://images.unsplash.com/photo-1495446815901-a7297e633e8d', true, 12),

-- Sub-categories for Laptops (Parent 1)
('Gaming Laptops', 'gaming-laptops', 'High-performance gaming laptops', 1, 'https://images.unsplash.com/photo-1603302576837-37561b2e2302', true, 0),
('Business Laptops', 'business-laptops', 'Professional and business-oriented laptops', 1, 'https://images.unsplash.com/photo-1496181133206-80ce9b88a853', true, 0),
('MacBooks', 'macbooks', 'Apple MacBook Air and Pro', 1, 'https://images.unsplash.com/photo-1517336714731-489689fd1ca8', true, 0),

-- Sub-categories for Computer parts (Parent 2)
('Processors (CPUs)', 'cpus', 'Intel and AMD processors', 2, 'https://images.unsplash.com/photo-1591799264318-7e6ef8ddb7ea', true, 0),
('Graphics Cards (GPUs)', 'gpus', 'NVIDIA and AMD graphics cards', 2, 'https://images.unsplash.com/photo-1591488320449-011701bb6704', true, 0),
('Motherboards', 'motherboards', 'Desktop and server motherboards', 2, 'https://images.unsplash.com/photo-1518770660439-4636190af475', true, 0),

-- Sub-categories for Smartphones (Parent 3)
('iPhones', 'iphones', 'Apple iPhone models', 3, 'https://images.unsplash.com/photo-1592286927505-2fd6c44d0fb4', true, 0),
('Android Phones', 'android-phones', 'Samsung, Google, and other Android devices', 3, 'https://images.unsplash.com/photo-1511707171634-5f897ff02aa9', true, 0),
('Phone Accessories', 'phone-accessories', 'Cases, chargers, and more', 3, 'https://images.unsplash.com/photo-1601595225554-dfca2bb686a0', true, 0),

-- Sub-categories for Fashion (Parent 9)
('Men''s Clothing', 'mens-clothing', 'Clothing for men', 9, 'https://images.unsplash.com/photo-1490114538077-0a7f8cb49891', true, 0),
('Women''s Clothing', 'womens-clothing', 'Clothing for women', 9, 'https://images.unsplash.com/photo-1483985988355-763728e1935b', true, 0),
('Shoes', 'shoes', 'Footwear for all', 9, 'https://images.unsplash.com/photo-1460353581641-37baddab0fa2', true, 0),

-- Trending on eBay (7 Categories) - IDs 25 to 31
('Tech', 'tech-trending', 'Trending tech and gadgets', NULL, 'https://i.ebayimg.com/images/g/EosAAeSw~Wxpqvvs/s-l500.webp', true, 13),
('Motors', 'motors-trending', 'Trending automotive and parts', NULL, 'https://i.ebayimg.com/images/g/XjIAAeSwsrNpqvvs/s-l500.webp', true, 14),
('Luxury', 'luxury-trending', 'Luxury watches, bags and more', NULL, 'https://i.ebayimg.com/images/g/FBUAAeSwpDhpqvvs/s-l500.webp', true, 15),
('Collectibles and art', 'collectibles-art-trending', 'Art and rare collectibles', NULL, 'https://i.ebayimg.com/images/g/FvQAAeSwMcVpqvvs/s-l500.webp', true, 16),
('Home and garden', 'home-garden-trending', 'Trending home improvement items', NULL, 'https://i.ebayimg.com/images/g/WnYAAeSwPsRpqvvs/s-l500.webp', true, 17),
('Trading cards', 'trading-cards-trending', 'Popular trading cards and games', NULL, 'https://i.ebayimg.com/images/g/T6AAAeSwUotpqvvs/s-l500.webp', true, 18),
('Health and beauty', 'health-beauty-trending', 'Trending health and beauty products', NULL, 'https://i.ebayimg.com/images/g/M48AAeSwTkFpqvvs/s-l500.webp', true, 19);

-- ============================================
-- STORES
-- ============================================

INSERT INTO stores (seller_id, store_name, slug, description, banner_image_url, logo_url, is_active) VALUES
(2, 'John Tech Store', 'john-tech-store', 'Your trusted electronics partner. We sell genuine laptops, phones, and accessories.', 'https://images.unsplash.com/photo-1451187580459-43490279c0fa', 'https://ui-avatars.com/api/?name=John+Tech&size=200', true),
(3, 'Jane Fashion Hub', 'jane-fashion-hub', 'Latest fashion trends for men and women. Quality clothing at affordable prices.', 'https://images.unsplash.com/photo-1441984904996-e0b6ba687e04', 'https://ui-avatars.com/api/?name=Jane+Fashion&size=200', true),
(4, 'Mike Sports Pro', 'mike-sports-pro', 'Professional sports equipment and gear. Train like a champion!', 'https://images.unsplash.com/photo-1517649763962-0c623066013b', 'https://ui-avatars.com/api/?name=Mike+Sports&size=200', true),
(8, 'Robert Home Decor', 'robert-home-decor', 'Transform your home with our beautiful decor and furniture.', 'https://images.unsplash.com/photo-1586023492125-27b2c045efd7', 'https://ui-avatars.com/api/?name=Robert+Home&size=200', true);

-- ============================================
-- PRODUCTS
-- ============================================

-- Today's Deals (13 Products)
INSERT INTO products (title, slug, description, price, images, category_id, seller_id, store_id, is_auction, condition, brand, weight, view_count, status, stock, shipping_fee, original_price) VALUES
('Bose QuietComfort Ultra Noise Cancelling Headphones, Certified Refurbished', 'bose-qc-ultra-refurbished', 'World-class noise cancellation, quieter than ever before. Breakthrough spatialized audio for more immersive listening.', 5636010, ARRAY['https://i.ebayimg.com/images/g/WssAAOSwlkZn~6zp/s-l500.webp'], 21, 2, 1, false, 'refurbished', 'Bose', 0.25, 450, 'active', 25, 0, 6003006),
('Nintendo Switch OLED 64GB Game Console + 1 Year🛡️ Warranty', 'nintendo-switch-oled-64gb', 'Enjoy vivid colors and crisp contrast with a screen that makes colors pop.', 6552189, ARRAY['https://i.ebayimg.com/images/g/P-AAAeSwO7xpJxJI/s-l500.webp'], 5, 2, 1, false, 'new', 'Nintendo', 0.42, 890, 'active', 40, 0, 10485338),
('Apple iPhone 16 128GB Unlocked Smartphone A3081 Good Condition', 'apple-iphone-16-128gb', 'The latest iPhone 16 with advanced camera features and A18 chip performance.', 13080786, ARRAY['https://i.ebayimg.com/images/g/RjAAAeSwciNozaQf/s-l500.webp'], 19, 2, 1, false, 'used', 'Apple', 0.17, 1200, 'active', 15, 0, 18376014),
('Acer Nitro V 16" Gaming Laptop 16GB RAM 512GB SSD', 'acer-nitro-v-16-gaming', 'Powerful gaming performance with Ryzen 7 and RTX 40 series graphics.', 17065052, ARRAY['https://i.ebayimg.com/images/g/n~cAAeSwr4lpWBiQ/s-l500.webp'], 13, 2, 1, false, 'new', 'Acer', 2.50, 670, 'active', 10, 0, 21233078),
('Acer PM161Q 15.6in Portable Monitor FHD 1920x1080', 'acer-pm161q-portable-monitor', 'Sleek and portable monitor for on-the-go productivity.', 1096794, ARRAY['https://i.ebayimg.com/images/g/WscAAeSw0e5pq1as/s-l500.webp'], 2, 2, 1, false, 'refurbished', 'Acer', 0.97, 320, 'active', 50, 0, 2621138),
('Giraffe Tools Wet Dry Vacuum Cleaner with 30FT Retractable Hose', 'giraffe-tools-vacuum', 'Powerful wet/dry vacuum with a convenient retractable hose system.', 8257148, ARRAY['https://i.ebayimg.com/images/g/A~QAAeSwkONprEeb/s-l500.webp'], 10, 8, 4, false, 'new', 'Giraffe Tools', 12.00, 150, 'active', 20, 0, 12703304),
('14K Yellow Gold Curb Cuban Necklace Bracelet Chain Real Gold', '14k-gold-cuban-necklace', 'Genuine 14K yellow gold Cuban link chain for a classic look.', 3932100, ARRAY['https://i.ebayimg.com/images/g/jgoAAOSwW6JoVEUF/s-l500.webp'], 9, 3, 2, false, 'new', 'Unbranded', 0.05, 560, 'active', 100, 0, NULL),
('Samsung HW-B750F 5.1ch Bluetooth Soundbar with Wireless Subwoofer', 'samsung-soundbar-hw-b750f', 'Immersive 5.1 channel sound with powerful wireless bass.', 5714652, ARRAY['https://i.ebayimg.com/images/g/DsoAAOSw6jtoFS6e/s-l500.webp'], 21, 2, 1, false, 'new', 'Samsung', 8.50, 430, 'active', 30, 0, 15727089),
('Saucony Unisex ProGrid Omni 9 Socktop Shoes', 'saucony-progrid-omni-9', 'Original heritage style with modern comfort technologies.', 2174451, ARRAY['https://i.ebayimg.com/images/g/5o8AAeSwnkFo-M-m/s-l500.webp'], 24, 3, 2, false, 'new', 'Saucony', 0.80, 210, 'active', 60, 0, 4063170),
('Remote Control Lawn Mower 55°Climbing 459cc Local Warehouse', 'remote-lawn-mower-rc', 'Industrial grade remote control lawn mower for steep slopes.', 73372986, ARRAY['https://i.ebayimg.com/images/g/kXYAAeSwk0ppooOw/s-l500.webp'], 10, 8, 4, false, 'new', 'Unbranded', 150.00, 95, 'active', 5, 0, 83858586),
('Men''s UA Under Armour 1/2 Zip Tech Muscle Pullover Long Sleeve', 'under-armour-tech-pullover', 'Quick-drying, ultra-soft tech fabric for a more natural feel.', 650107, ARRAY['https://i.ebayimg.com/images/g/9gQAAOSw0ZlkG3Jz/s-l500.webp'], 22, 3, 2, false, 'new', 'Under Armour', 0.30, 890, 'active', 200, 0, 812634),
('Invicta Men''s Pro Diver 45mm Quartz Rubber Strap Watch', 'invicta-pro-diver-watch', 'Classic diving watch with reliable quartz movement and 100m water resistance.', 1048298, ARRAY['https://i.ebayimg.com/images/g/vwkAAeSwJaZpaRv9/s-l500.webp'], 9, 3, 2, false, 'new', 'Invicta', 0.15, 1400, 'active', 150, 0, 10354530),
('NEW 2025 Golf Buddy Voice XL GPS Speaker Pre Loaded 40k course', 'golf-buddy-voice-xl', 'Talking GPS rangefinder with Bluetooth speaker integration.', 1800000, ARRAY['https://i.ebayimg.com/images/g/TXIAAeSwL4ppqY6v/s-l500.webp'], 11, 4, 3, false, 'new', 'Golf Buddy', 0.20, 120, 'active', 45, 0, 2200000);

-- Smartphone Products from eBay Data
INSERT INTO products (title, slug, description, price, images, category_id, seller_id, store_id, is_auction, condition, brand, weight, view_count, status, stock, shipping_fee, original_price) VALUES
('Samsung Galaxy S22 5G SM-S901U1 128GB 256GB Unlocked Very Good', 'samsung-galaxy-s22-5g-sm-s901u1-128gb-256gb-unlocked-very-good', 'Samsung Galaxy S22 5G with 128GB or 256GB storage, unlocked and in very good condition.', 4500000, ARRAY['https://i.ebayimg.com/images/g/9eoAAOSwBFJjPcD9/s-l960.webp', 'https://i.ebayimg.com/images/g/3CUAAOSwMdtjPcEG/s-l960.webp', 'https://i.ebayimg.com/images/g/TVwAAOSwi8RjPcEM/s-l960.webp', 'https://i.ebayimg.com/images/g/ROIAAOSwJFBjPcEa/s-l960.webp'], 3, 2, 1, false, 'refurbished', 'Samsung', 0.17, 432, 'active', 10, 0, 4717209),
('Apple iPhone 15 Pro Max A2849 256GB Unlocked Very Good', 'apple-iphone-15-pro-max-a2849-256gb-unlocked-very-good', 'Apple iPhone 15 Pro Max with 256GB storage, unlocked and in very good condition.', 14557420, ARRAY['https://i.ebayimg.com/images/g/zJoAAeSw6g5pJIvk/s-l960.webp', 'https://images.unsplash.com/photo-1592286927505-2fd6c44d0fb4'], 3, 2, 1, false, 'refurbished', 'Apple', 0.17, 10030, 'active', 5, 0, 34077937),
('Samsung Galaxy Z Flip5 256GB F731U Unlocked - Good', 'samsung-galaxy-z-flip5-256gb-f731u-unlocked-good', 'Samsung Galaxy Z Flip5 with 256GB storage, unlocked and in good condition.', 6553237, ARRAY['https://i.ebayimg.com/images/g/5d4AAeSwik1oi8ax/s-l960.webp', 'https://images.unsplash.com/photo-1511707171634-5f897ff02aa9'], 3, 2, 1, false, 'refurbished', 'Samsung', 0.17, 27, 'active', 8, 0, 29359417),
('Apple iPhone 14 128/256/512GB Unlocked Very Good All Colors', 'apple-iphone-14-128-256-512gb-unlocked-very-good-all-colors', 'Apple iPhone 14 with various storage options, unlocked and in very good condition, available in all colors.', 7500000, ARRAY['https://i.ebayimg.com/images/g/5a4AAeSw1QppXr5n/s-l960.webp', 'https://i.ebayimg.com/images/g/2ToAAeSwe2FpXr5n/s-l960.webp'], 3, 2, 1, false, 'refurbished', 'Apple', 0.17, 22, 'active', 15, 0, 20970937),
('Samsung Galaxy S23+ PLUS 256GB 5G SM-916U1 Factory Unlocked - EXCELLENT', 'samsung-galaxy-s23-plus-256gb-5g-sm-916u1-factory-unlocked-excellent', 'Samsung Galaxy S23+ with 256GB storage, factory unlocked and in excellent condition.', 8000000, ARRAY['https://i.ebayimg.com/images/g/7LUAAOSwNZRn1dRa/s-l400.webp', 'https://images.unsplash.com/photo-1605236453806-6ff36851218e'], 3, 2, 1, false, 'refurbished', 'Samsung', 0.17, 248, 'active', 12, 0, NULL),
('Apple iPhone 14 128GB Unlocked - Excellent', 'apple-iphone-14-128gb-unlocked-excellent', 'Apple iPhone 14 with 128GB storage, unlocked and in excellent condition.', 7574535, ARRAY['https://i.ebayimg.com/images/g/7lIAAOSwy4dkW9k4/s-l400.webp', 'https://images.unsplash.com/photo-1511707171634-5f897ff02aa9'], 3, 2, 1, false, 'refurbished', 'Apple', 0.17, 179, 'active', 20, 0, 20944986),
('Apple iPhone 15 Pro Max 256/512GB/1TB Unlocked Very Good All Colors', 'apple-iphone-15-pro-max-256-512gb-1tb-unlocked-very-good-all-colors', 'Apple iPhone 15 Pro Max with various storage options, unlocked and in very good condition, available in all colors.', 15500000, ARRAY['https://i.ebayimg.com/images/g/taIAAeSws7xpijwX/s-l400.webp', 'https://images.unsplash.com/photo-1592286927505-2fd6c44d0fb4'], 3, 2, 1, false, 'refurbished', 'Apple', 0.17, 62, 'active', 7, 0, NULL),
('Apple iPhone 14 -5G - 128GB Factory Unlocked GSM + CDMA - EXCELLENT', 'apple-iphone-14-5g-128gb-factory-unlocked-gsm-cdma-excellent', 'Apple iPhone 14 5G with 128GB storage, factory unlocked for GSM and CDMA, in excellent condition.', 7000000, ARRAY['https://i.ebayimg.com/images/g/JlgAAOSwZYBoDT97/s-l400.webp', 'https://images.unsplash.com/photo-1511707171634-5f897ff02aa9'], 3, 2, 1, false, 'refurbished', 'Apple', 0.17, 80, 'active', 25, 0, NULL),
('Apple iPhone 13 Pro Max 128/256/512GB/1TB Unlocked Good All Colors', 'apple-iphone-13-pro-max-128-256-512gb-1tb-unlocked-good-all-colors', 'Apple iPhone 13 Pro Max with various storage options, unlocked and in good condition, available in all colors.', 10455716, ARRAY['https://i.ebayimg.com/images/g/fjgAAeSwbChpZ~Da/s-l400.webp', 'https://picsum.photos/400/400?random=10', 'https://picsum.photos/400/400?random=11'], 3, 2, 1, false, 'refurbished', 'Apple', 0.17, 18, 'active', 10, 0, 36699337),
('Samsung Galaxy S22 128GB S901U Unlocked - Excellent', 'samsung-galaxy-s22-128gb-s901u-unlocked-excellent', 'Samsung Galaxy S22 with 128GB storage, unlocked and in excellent condition.', 4665829, ARRAY['https://i.ebayimg.com/images/g/eHQAAeSwa6VojEf9/s-l960.webp', 'https://picsum.photos/400/400?random=12'], 3, 2, 1, false, 'refurbished', 'Samsung', 0.17, 43, 'active', 10, 0, 20970937),
('Apple iPhone 14 128/256/512GB Unlocked Good All Colors', 'apple-iphone-14-128-256-512gb-unlocked-good-all-colors', 'Apple iPhone 14 with various storage options, unlocked and in good condition, available in all colors.', 6602258, ARRAY['https://i.ebayimg.com/images/g/aQYAAeSwm9RpZ-xk/s-l400.webp', 'https://picsum.photos/400/400?random=13'], 3, 2, 1, false, 'refurbished', 'Apple', 0.17, 29, 'active', 10, 0, 20970937),
('Samsung Galaxy S23 128GB - 5G SM-S911U1 - FACTORY UNLOCKED - EXCELLENT', 'samsung-galaxy-s23-128gb-5g-sm-s911u1-factory-unlocked-excellent', 'Samsung Galaxy S23 with 128GB storage, 5G, factory unlocked and in excellent condition.', 5936947, ARRAY['https://i.ebayimg.com/images/g/7LUAAOSwNZRn1dRa/s-l400.webp', 'https://picsum.photos/400/400?random=14'], 3, 2, 1, false, 'refurbished', 'Samsung', 0.17, 0, 'active', 10, 0, NULL),
('Apple iPhone 14 Pro 256GB Unlocked - Very Good', 'apple-iphone-14-pro-256gb-unlocked-very-good', 'Apple iPhone 14 Pro with 256GB storage, unlocked and in very good condition.', 10118342, ARRAY['https://i.ebayimg.com/images/g/xgcAAeSwat1peN1g/s-l960.webp', 'https://picsum.photos/400/400?random=15'], 3, 2, 1, false, 'refurbished', 'Apple', 0.17, 28, 'active', 10, 0, 28809186),
('Apple iPhone 14 - 128GB/256GB, 5G, Unlocked - Very Good Condition, Free Ship', 'apple-iphone-14-128gb-256gb-5g-unlocked-very-good-condition-free-ship', 'Apple iPhone 14 with 128GB or 256GB storage, 5G, unlocked and in very good condition, free shipping.', 6107862, ARRAY['https://i.ebayimg.com/images/g/Gr8AAeSwm7Zpfe0q/s-l400.webp', 'https://picsum.photos/400/400?random=16', 'https://picsum.photos/400/400?random=17'], 3, 2, 1, false, 'refurbished', 'Apple', 0.17, 17, 'active', 10, 0, NULL),
('Blackberry Porsche Design P''9983 Carbon Fiber 64GB Factory Unlocked 4G', 'blackberry-porsche-design-p9983-carbon-fiber-64gb-factory-unlocked-4g', 'Blackberry Porsche Design P''9983 with carbon fiber design, 64GB storage, factory unlocked for 4G.', 9174638, ARRAY['https://i.ebayimg.com/images/g/OP4AAOSwexxnYfQM/s-l400.webp', 'https://picsum.photos/400/400?random=18'], 3, 2, 1, false, 'new', 'BlackBerry', 0.17, 155, 'active', 10, 0, 20970675),
('Motorola Edge 2025 256GB (Metro by T-Mobile) - Deep Forest Green -FREE Shipping-', 'motorola-edge-2025-256gb-metro-by-t-mobile-deep-forest-green-free-shipping', 'Motorola Edge 2025 with 256GB storage, Metro by T-Mobile, Deep Forest Green color, free shipping.', 4692306, ARRAY['https://i.ebayimg.com/images/g/7IQAAeSwBDpprZJw/s-l400.webp', 'https://picsum.photos/400/400?random=19'], 3, 2, 1, false, 'refurbished', 'Motorola', 0.17, 0, 'active', 10, 0, NULL),
('Apple iPhone 13 A2482 128GB Network Unlocked Very Good Condition', 'apple-iphone-13-a2482-128gb-network-unlocked-very-good-condition', 'Apple iPhone 13 A2482 with 128GB storage, network unlocked and in very good condition.', 6625326, ARRAY['https://i.ebayimg.com/images/g/gX4AAeSw3FRpJNmH/s-l960.webp', 'https://picsum.photos/400/400?random=20'], 3, 2, 1, false, 'refurbished', 'Apple', 0.17, 102, 'active', 10, 0, 15702186),
('Apple iPhone 14 128GB Unlocked - Good', 'apple-iphone-14-128gb-unlocked-good', 'Apple iPhone 14 with 128GB storage, unlocked and in good condition.', 6343526, ARRAY['https://i.ebayimg.com/images/g/PyMAAeSwNV1oNeed/s-l960.webp', 'https://picsum.photos/400/400?random=21'], 3, 2, 1, false, 'refurbished', 'Apple', 0.17, 43, 'active', 10, 0, 20944986),
('NEW UNLOCKED SAMSUNG GALAXY S23 5G SM-S911U ALL COLORS AND MEMORY GSM+CDMA', 'new-unlocked-samsung-galaxy-s23-5g-sm-s911u-all-colors-and-memory-gsm-cdma', 'New unlocked Samsung Galaxy S23 5G with various colors and memory options, GSM+CDMA.', 7992124, ARRAY['https://i.ebayimg.com/images/g/nCEAAOSwXJlmd7is/s-l400.webp', 'https://picsum.photos/400/400?random=22', 'https://picsum.photos/400/400?random=23'], 3, 2, 1, false, 'new', 'Samsung', 0.17, 94, 'active', 10, 0, 20970675),
('Apple iPhone 13 128/256/512GB Unlocked Very Good All Colors', 'apple-iphone-13-128-256-512gb-unlocked-very-good-all-colors', 'Apple iPhone 13 with various storage options, unlocked and in very good condition, available in all colors.', 6549830, ARRAY['https://i.ebayimg.com/images/g/mXYAAeSwXy9pXr-G/s-l400.webp', 'https://picsum.photos/400/400?random=24'], 3, 2, 1, false, 'refurbished', 'Apple', 0.17, 216, 'active', 10, 0, NULL),
('Apple iPhone 14 Pro Max 128GB Network Unlocked Very Good Condition', 'apple-iphone-14-pro-max-128gb-network-unlocked-very-good-condition', 'Apple iPhone 14 Pro Max 128GB Network Unlocked Very Good Condition', 12017808.30, ARRAY['https://i.ebayimg.com/images/g/S6gAAOSw6ltlJILl/s-l960.webp', 'https://i.ebayimg.com/images/g/S6gAAOSw6ltlJILl/s-l960.webp'], 3, 2, 1, false, 'refurbished', 'Apple', 0.17, 10150, 'active', 10, 0, 28809186.00),
('📱NEW SEALED Samsung Galaxy S22 Ultra 5G 128GB+8 256/512GB+12GB NETWORK UNLOCKED', 'new-sealed-samsung-galaxy-s22-ultra-5g-128gb-8-256-512gb-12gb-network-unlocked', '📱NEW SEALED Samsung Galaxy S22 Ultra 5G 128GB+8 256/512GB+12GB NETWORK UNLOCKED', 7208850.00, ARRAY['https://i.ebayimg.com/images/g/qCAAAeSwVftpplzH/s-l400.webp', 'https://i.ebayimg.com/images/g/qCAAAeSwVftpplzH/s-l400.webp'], 3, 2, 1, false, 'new', 'Samsung', 0.17, 0, 'active', 10, 0, 7208850.00),
('Apple iPhone 15 Pro 256GB Unlocked AT&T T-Mobile Verizon Excellent Condition', 'apple-iphone-15-pro-256gb-unlocked-at-t-t-mobile-verizon-excellent-condition', 'Apple iPhone 15 Pro 256GB Unlocked AT&T T-Mobile Verizon Excellent Condition FREE FEDEX 2 DAY - 60 DAY RETURNS - 1 YEAR WARRANTY', 13734825.30, ARRAY['https://i.ebayimg.com/images/g/isYAAOSwStdlfGAu/s-l400.webp', 'https://i.ebayimg.com/images/g/isYAAOSwStdlfGAu/s-l400.webp'], 3, 2, 1, false, 'refurbished', 'Apple', 0.17, 257, 'active', 10, 0, 28809186.00),
('Samsung Galaxy S23+ Plus 5G SM-S916U1 FACTORY UNLOCKED Black 256GB - OPEN BOX', 'samsung-galaxy-s23-plus-5g-sm-s916u1-factory-unlocked-black-256gb-open-box', 'Samsung Galaxy S23+ Plus 5G SM-S916U1 FACTORY UNLOCKED Black 256GB - OPEN BOX', 8899128.72, ARRAY['https://i.ebayimg.com/images/g/EyoAAOSwl0hnQhnB/s-l400.webp', 'https://i.ebayimg.com/images/g/EyoAAOSwl0hnQhnB/s-l400.webp'], 3, 2, 1, false, 'new', 'Samsung', 0.17, 78, 'active', 10, 0, 8899128.72),
('Apple iPhone 12 Unlocked Verizon, T-Mobile, AT&T all Carriers', 'apple-iphone-12-unlocked-verizon-t-mobile-at-t-all-carriers', 'Apple iPhone 12 Unlocked Verizon, T-Mobile, AT&T all Carriers FREE Shipping ✈️│✅1 YEAR WARRANTY ✅ 30 Days Return', 4678936.86, ARRAY['https://i.ebayimg.com/images/g/qHAAAOSwOrBnHAtQ/s-l400.webp', 'https://i.ebayimg.com/images/g/qHAAAOSwOrBnHAtQ/s-l400.webp'], 3, 2, 1, false, 'used', 'Apple', 0.17, 1216, 'active', 10, 0, 4678936.86),
('Google Pixel 7a | 7 | 7 Pro - 128GB 256GB 512GB - Unlocked - Smartphone', 'google-pixel-7a-7-7-pro-128gb-256gb-512gb-unlocked-smartphone', 'Google Pixel 7a | 7 | 7 Pro - 128GB 256GB 512GB - Unlocked - Smartphone', 4717209.30, ARRAY['https://i.ebayimg.com/images/g/SMoAAOSw9NZmmrFS/s-l960.webp', 'https://i.ebayimg.com/images/g/SMoAAOSw9NZmmrFS/s-l960.webp'], 3, 2, 1, false, 'refurbished', 'Google', 0.17, 326, 'active', 10, 0, 4717209.30),
('Samsung Galaxy S10+ Plus 128GB SM-G975U1 - Factory Unlocked - Open Box', 'samsung-galaxy-s10-plus-128gb-sm-g975u1-factory-unlocked-open-box', 'Samsung Galaxy S10+ Plus 128GB SM-G975U1 - Factory Unlocked - Open Box 1 YEAR WARRANTY - FREE RETURNS- FREE SHIPPING- UNLOCKED', 3997110.72, ARRAY['https://i.ebayimg.com/images/g/7~oAAOSwPMxlq~cT/s-l400.webp', 'https://i.ebayimg.com/images/g/7~oAAOSwPMxlq~cT/s-l400.webp'], 3, 2, 1, false, 'refurbished', 'Samsung', 0.17, 0, 'active', 10, 0, 3997110.72),
('NEW UNLOCKED SAMSUNG GALAXY NOTE 20 5G SM-N981U 128GB ALL COLORS/MEMORY GSM+CDMA', 'new-unlocked-samsung-galaxy-note-20-5g-sm-n981u-128gb-all-colors-memory-gsm-cdma', 'NEW UNLOCKED SAMSUNG GALAXY NOTE 20 5G SM-N981U 128GB ALL COLORS/MEMORY GSM+CDMA 🔥WINTER SALE🔥FREE PRIORITY SHIP🔥BEST DEAL ON EBAY🔥', 5632864.32, ARRAY['https://i.ebayimg.com/images/g/FIQAAOSwryVjt9q~/s-l400.webp', 'https://i.ebayimg.com/images/g/FIQAAOSwryVjt9q~/s-l400.webp'], 3, 2, 1, false, 'new', 'Samsung', 0.17, 2146, 'active', 10, 0, 5632864.32),
('Samsung Galaxy S21 Plus S21+ 5G SM-G996U 128GB 256GB Factory Unlocked Very Good', 'samsung-galaxy-s21-plus-s21-5g-sm-g996u-128gb-256gb-factory-unlocked-very-good', 'Samsung Galaxy S21 Plus S21+ 5G SM-G996U 128GB 256GB Factory Unlocked Very Good', 4717209.30, ARRAY['https://i.ebayimg.com/images/g/BIsAAOSw2wZjVwJ~/s-l400.webp', 'https://i.ebayimg.com/images/g/BIsAAOSw2wZjVwJ~/s-l400.webp'], 3, 2, 1, false, 'refurbished', 'Samsung', 0.17, 91, 'active', 10, 0, 4717209.30),
('Apple iPhone 15 Pro A2848 256GB Unlocked - Very Good Condition', 'apple-iphone-15-pro-a2848-256gb-unlocked-very-good-condition', 'Apple iPhone 15 Pro A2848 256GB Unlocked - Very Good Condition', 12879462.48, ARRAY['https://i.ebayimg.com/images/g/dp8AAeSwUoNpJNPZ/s-l960.webp', 'https://i.ebayimg.com/images/g/dp8AAeSwUoNpJNPZ/s-l960.webp'], 3, 2, 1, false, 'refurbished', 'Apple', 0.17, 2575, 'active', 10, 0, 31456537.86),
('NEW UNLOCKED SAMSUNG GALAXY S21+ PLUS 5G SM-G996U ALL COLORS AND MEMORY GSM+CDMA', 'new-unlocked-samsung-galaxy-s21-plus-5g-sm-g996u-all-colors-and-memory-gsm-cdma', 'NEW UNLOCKED SAMSUNG GALAXY S21+ PLUS 5G SM-G996U ALL COLORS AND MEMORY GSM+CDMA 🔥WINTER SALE🔥FREE PRIORITY SHIP🔥BEST DEAL ON EBAY🔥', 5108584.32, ARRAY['https://i.ebayimg.com/images/g/XfUAAOSw7nJjt83t/s-l400.webp', 'https://i.ebayimg.com/images/g/XfUAAOSw7nJjt83t/s-l400.webp'], 3, 2, 1, false, 'new', 'Samsung', 0.17, 135, 'active', 10, 0, 5108584.32),
('Samsung Galaxy S22 128GB S901U Unlocked - Good', 'samsung-galaxy-s22-128gb-s901u-unlocked-good', 'Samsung Galaxy S22 128GB S901U Unlocked - Good Free 2-Day Shipping - 1 Yr AllState Warranty - Cellfeee', 3931837.86, ARRAY['https://i.ebayimg.com/images/g/~50AAeSw3BZojEkt/s-l960.webp', 'https://i.ebayimg.com/images/g/~50AAeSw3BZojEkt/s-l960.webp'], 3, 2, 1, false, 'refurbished', 'Samsung', 0.17, 171, 'active', 10, 0, 20970937.86),
('Apple iPhone 14 Pro Max 512GB Network Unlocked Excellent Condition', 'apple-iphone-14-pro-max-512gb-network-unlocked-excellent-condition', 'Apple iPhone 14 Pro Max 512GB Network Unlocked Excellent Condition', 14000000.00, ARRAY['https://i.ebayimg.com/images/g/S6gAAOSw6ltlJILl/s-l960.webp', 'https://picsum.photos/400/400?random=25'], 3, 2, 1, false, 'refurbished', 'Apple', 0.17, 850, 'active', 10, 0, 32000000.00),
('Samsung Galaxy S23 Ultra 5G 256GB Factory Unlocked New Sealed', 'samsung-galaxy-s23-ultra-5g-256gb-factory-unlocked-new-sealed', 'Samsung Galaxy S23 Ultra 5G 256GB Factory Unlocked New Sealed', 9500000.00, ARRAY['https://i.ebayimg.com/images/g/qCAAAeSwVftpplzH/s-l400.webp', 'https://picsum.photos/400/400?random=26'], 3, 2, 1, false, 'new', 'Samsung', 0.17, 1200, 'active', 10, 0, 9500000.00),
('Apple iPhone 15 Pro Max 512GB Unlocked AT&T T-Mobile Verizon Excellent Condition', 'apple-iphone-15-pro-max-512gb-unlocked-at-t-t-mobile-verizon-excellent-condition', 'Apple iPhone 15 Pro Max 512GB Unlocked AT&T T-Mobile Verizon Excellent Condition FREE FEDEX 2 DAY - 60 DAY RETURNS - 1 YEAR WARRANTY', 16000000.00, ARRAY['https://i.ebayimg.com/images/g/isYAAOSwStdlfGAu/s-l400.webp', 'https://picsum.photos/400/400?random=27'], 3, 2, 1, false, 'refurbished', 'Apple', 0.17, 500, 'active', 10, 0, 35000000.00),
('Samsung Galaxy S24+ Plus 5G SM-S926U1 FACTORY UNLOCKED Black 512GB - OPEN BOX', 'samsung-galaxy-s24-plus-5g-sm-s926u1-factory-unlocked-black-512gb-open-box', 'Samsung Galaxy S24+ Plus 5G SM-S926U1 FACTORY UNLOCKED Black 512GB - OPEN BOX', 11000000.00, ARRAY['https://i.ebayimg.com/images/g/EyoAAOSwl0hnQhnB/s-l400.webp', 'https://picsum.photos/400/400?random=28'], 3, 2, 1, false, 'new', 'Samsung', 0.17, 200, 'active', 10, 0, 11000000.00),
('Apple iPhone 13 Unlocked Verizon, T-Mobile, AT&T all Carriers', 'apple-iphone-13-unlocked-verizon-t-mobile-at-t-all-carriers', 'Apple iPhone 13 Unlocked Verizon, T-Mobile, AT&T all Carriers FREE Shipping ✈️│✅1 YEAR WARRANTY ✅ 30 Days Return', 5500000.00, ARRAY['https://i.ebayimg.com/images/g/qHAAAOSwOrBnHAtQ/s-l400.webp', 'https://picsum.photos/400/400?random=29'], 3, 2, 1, false, 'used', 'Apple', 0.17, 800, 'active', 10, 0, 5500000.00),
('Google Pixel 8 Pro - 128GB 256GB 512GB - Unlocked - Smartphone', 'google-pixel-8-pro-128gb-256gb-512gb-unlocked-smartphone', 'Google Pixel 8 Pro - 128GB 256GB 512GB - Unlocked - Smartphone', 6000000.00, ARRAY['https://i.ebayimg.com/images/g/SMoAAOSw9NZmmrFS/s-l960.webp', 'https://picsum.photos/400/400?random=30'], 3, 2, 1, false, 'refurbished', 'Google', 0.17, 400, 'active', 10, 0, 6000000.00),
('Samsung Galaxy S20+ Plus 128GB SM-G975U1 - Factory Unlocked - Open Box', 'samsung-galaxy-s20-plus-128gb-sm-g975u1-factory-unlocked-open-box', 'Samsung Galaxy S20+ Plus 128GB SM-G975U1 - Factory Unlocked - Open Box 1 YEAR WARRANTY - FREE RETURNS- FREE SHIPPING- UNLOCKED', 4500000.00, ARRAY['https://i.ebayimg.com/images/g/7~oAAOSwPMxlq~cT/s-l400.webp', 'https://picsum.photos/400/400?random=31'], 3, 2, 1, false, 'refurbished', 'Samsung', 0.17, 150, 'active', 10, 0, 4500000.00),
('NEW UNLOCKED SAMSUNG GALAXY NOTE 21 5G SM-N981U 256GB ALL COLORS/MEMORY GSM+CDMA', 'new-unlocked-samsung-galaxy-note-21-5g-sm-n981u-256gb-all-colors-memory-gsm-cdma', 'NEW UNLOCKED SAMSUNG GALAXY NOTE 21 5G SM-N981U 256GB ALL COLORS/MEMORY GSM+CDMA 🔥WINTER SALE🔥FREE PRIORITY SHIP🔥BEST DEAL ON EBAY🔥', 6500000.00, ARRAY['https://i.ebayimg.com/images/g/FIQAAOSwryVjt9q~/s-l400.webp', 'https://picsum.photos/400/400?random=32'], 3, 2, 1, false, 'new', 'Samsung', 0.17, 1000, 'active', 10, 0, 6500000.00),
('Samsung Galaxy S21 Ultra 5G SM-G998U 256GB Factory Unlocked Very Good', 'samsung-galaxy-s21-ultra-5g-sm-g998u-256gb-factory-unlocked-very-good', 'Samsung Galaxy S21 Ultra 5G SM-G998U 256GB Factory Unlocked Very Good', 7000000.00, ARRAY['https://i.ebayimg.com/images/g/BIsAAOSw2wZjVwJ~/s-l400.webp', 'https://picsum.photos/400/400?random=33'], 3, 2, 1, false, 'refurbished', 'Samsung', 0.17, 300, 'active', 10, 0, 7000000.00),
('Apple iPhone 15 Pro Max A2848 512GB Unlocked - Very Good Condition', 'apple-iphone-15-pro-max-a2848-512gb-unlocked-very-good-condition', 'Apple iPhone 15 Pro Max A2848 512GB Unlocked - Very Good Condition', 15000000.00, ARRAY['https://i.ebayimg.com/images/g/dp8AAeSwUoNpJNPZ/s-l960.webp', 'https://picsum.photos/400/400?random=34'], 3, 2, 1, false, 'refurbished', 'Apple', 0.17, 600, 'active', 10, 0, 38000000.00),
('NEW UNLOCKED SAMSUNG GALAXY S22+ PLUS 5G SM-G996U ALL COLORS AND MEMORY GSM+CDMA', 'new-unlocked-samsung-galaxy-s22-plus-5g-sm-g996u-all-colors-and-memory-gsm-cdma', 'NEW UNLOCKED SAMSUNG GALAXY S22+ PLUS 5G SM-G996U ALL COLORS AND MEMORY GSM+CDMA 🔥WINTER SALE🔥FREE PRIORITY SHIP🔥BEST DEAL ON EBAY🔥', 5800000.00, ARRAY['https://i.ebayimg.com/images/g/XfUAAOSw7nJjt83t/s-l400.webp', 'https://picsum.photos/400/400?random=35'], 3, 2, 1, false, 'new', 'Samsung', 0.17, 250, 'active', 10, 0, 5800000.00),
('Samsung Galaxy S23 256GB S911U Unlocked - Good', 'samsung-galaxy-s23-256gb-s911u-unlocked-good', 'Samsung Galaxy S23 256GB S911U Unlocked - Good Free 2-Day Shipping - 1 Yr AllState Warranty - Cellfeee', 5000000.00, ARRAY['https://i.ebayimg.com/images/g/~50AAeSw3BZojEkt/s-l960.webp', 'https://picsum.photos/400/400?random=36'], 3, 2, 1, false, 'refurbished', 'Samsung', 0.17, 180, 'active', 10, 0, 25000000.00),
('Motorola Edge 40 Pro 256GB Factory Unlocked - Excellent Condition', 'motorola-edge-40-pro-256gb-factory-unlocked-excellent-condition', 'Motorola Edge 40 Pro 256GB Factory Unlocked - Excellent Condition', 4800000.00, ARRAY['https://i.ebayimg.com/images/g/7IQAAeSwBDpprZJw/s-l400.webp', 'https://picsum.photos/400/400?random=37'], 3, 2, 1, false, 'refurbished', 'Motorola', 0.17, 90, 'active', 10, 0, 4800000.00),
('BlackBerry KEY3 128GB Factory Unlocked - Very Good', 'blackberry-key3-128gb-factory-unlocked-very-good', 'BlackBerry KEY3 128GB Factory Unlocked - Very Good', 3500000.00, ARRAY['https://i.ebayimg.com/images/g/OP4AAOSwexxnYfQM/s-l400.webp', 'https://picsum.photos/400/400?random=38'], 3, 2, 1, false, 'refurbished', 'BlackBerry', 0.17, 50, 'active', 10, 0, 3500000.00),
('Google Pixel 6a 128GB Unlocked - Good Condition', 'google-pixel-6a-128gb-unlocked-good-condition', 'Google Pixel 6a 128GB Unlocked - Good Condition', 3200000.00, ARRAY['https://i.ebayimg.com/images/g/SMoAAOSw9NZmmrFS/s-l960.webp', 'https://picsum.photos/400/400?random=39'], 3, 2, 1, false, 'refurbished', 'Google', 0.17, 120, 'active', 10, 0, 3200000.00),
('HP 15.6" FHD Laptop, 6-Core Intel i3 Up to 4.4GHz 32GB RAM & 1TB SSD, Win 11 Pro', 'hp-15-6-fhd-laptop-6-core-intel-i3-up-to-4-4ghz-32gb-ram-1tb-ssd-win-11-pro', 'HP 15.6" FHD Laptop with 6-Core Intel i3 processor up to 4.4GHz, 32GB RAM and 1TB SSD, Windows 11 Pro', 9410826, ARRAY['https://i.ebayimg.com/images/g/D-oAAOSwbJ5n7CxD/s-l960.webp', 'https://picsum.photos/400/400?random=1'], 1, 2, 1, false, 'new', 'HP', 2.1, 150, 'active', 10, 0, 11000000),
('Apple MacBook Pro 15 4.8Ghz i9 a1990 Touch Bar 512GB SSD 32GB Sequoia Warranty', 'apple-macbook-pro-15-4-8ghz-i9-a1990-touch-bar-512gb-ssd-32gb-sequoia-warranty', 'Apple MacBook Pro 15 with 4.8Ghz i9 processor, Touch Bar, 512GB SSD, 32GB RAM, Sequoia Warranty', 14129346, ARRAY['https://i.ebayimg.com/images/g/BVcAAOSwpNVoS3ve/s-l960.webp', 'https://picsum.photos/400/400?random=2'], 1, 2, 1, false, 'used', 'Apple', 2.0, 200, 'active', 5, 0, 20000000),
('Apple MacBook Air 13" MW0Y3LL/A M4 chip 16GB RAM 256GB SSD Starlight 2025 Model', 'apple-macbook-air-13-mw0y3ll-a-m4-chip-16gb-ram-256gb-ssd-starlight-2025-model', 'Apple MacBook Air 13" with M4 chip, 16GB RAM, 256GB SSD, Starlight color, 2025 Model', 21495218, ARRAY['https://i.ebayimg.com/images/g/Da0AAeSwT6hpmZlt/s-l960.webp', 'https://picsum.photos/400/400?random=3'], 1, 2, 1, false, 'new', 'Apple', 1.4, 300, 'active', 8, 0, 25000000),
('2026 Dell Inspiron Laptop 15 Touch 10-Core Intel i5 Upto 64GB RAM 2TB SSD WinPRO', '2026-dell-inspiron-laptop-15-touch-10-core-intel-i5-upto-64gb-ram-2tb-ssd-winpro', '2026 Dell Inspiron Laptop 15 Touch with 10-Core Intel i5, up to 64GB RAM, 2TB SSD, Windows Pro', 11507946, ARRAY['https://i.ebayimg.com/images/g/KUEAAeSwwkZpaUd7/s-l960.webp', 'https://picsum.photos/400/400?random=4'], 1, 2, 1, false, 'new', 'Dell', 2.2, 120, 'active', 12, 0, 13000000),
('2026 Lenovo IdeaPad Laptop Notebook 15.6" Intel Processor Up to 20GB RAM 1TB SSD', '2026-lenovo-ideapad-laptop-notebook-15-6-intel-processor-up-to-20gb-ram-1tb-ssd', '2026 Lenovo IdeaPad Laptop Notebook 15.6" with Intel Processor, up to 20GB RAM, 1TB SSD', 7575846, ARRAY['https://i.ebayimg.com/images/g/iNsAAeSwi0ZpRGqo/s-l960.webp', 'https://picsum.photos/400/400?random=5'], 1, 2, 1, false, 'new', 'Lenovo', 2.0, 180, 'active', 15, 0, 9000000),
('2026 HP Pavilion Laptop 15.6" 8-Core AMD Ryzen 7 16GB RAM & 512GB SSD Office PRO', '2026-hp-pavilion-laptop-15-6-8-core-amd-ryzen-7-16gb-ram-512gb-ssd-office-pro', '2026 HP Pavilion Laptop 15.6" with 8-Core AMD Ryzen 7, 16GB RAM, 512GB SSD, Office Pro', 13867206, ARRAY['https://i.ebayimg.com/images/g/KN0AAeSwaaZpb77E/s-l960.webp', 'https://picsum.photos/400/400?random=6'], 1, 2, 1, false, 'new', 'HP', 1.9, 250, 'active', 10, 0, 16000000),
('Apple MacBook Pro 16" i7 512GB SSD + Warranty', 'apple-macbook-pro-16-i7-512gb-ssd-warranty', 'Apple MacBook Pro 16" with i7 processor, 512GB SSD, includes warranty', 13473996, ARRAY['https://i.ebayimg.com/images/g/ksAAAOSwmkVoCUhE/s-l960.webp', 'https://picsum.photos/400/400?random=7'], 1, 2, 1, false, 'refurbished', 'Apple', 2.1, 400, 'active', 6, 0, 18000000),
('2019 Apple MacBook Pro 16" i7 2.6GHz/16GB/512GB - (Space Gray) A2141 w/Warranty', '2019-apple-macbook-pro-16-i7-2-6ghz-16gb-512gb-space-gray-a2141-warranty', '2019 Apple MacBook Pro 16" i7 2.6GHz with 16GB RAM and 512GB SSD, Space Gray, A2141 with Warranty', 9751608, ARRAY['https://i.ebayimg.com/images/g/0xMAAOSwf4Zm22I3/s-l960.webp', 'https://picsum.photos/400/400?random=8'], 1, 2, 1, false, 'refurbished', 'Apple', 2.0, 350, 'active', 4, 0, 15000000),
('2020 Apple MacBook Pro 16GB 512GB 13" i5 (Space Gray) A2251 w/1 Year Warranty', '2020-apple-macbook-pro-16gb-512gb-13-i5-space-gray-a2251-1-year-warranty', '2020 Apple MacBook Pro 13" i5 with 16GB RAM and 512GB SSD, Space Gray, A2251 with 1 Year Warranty', 10702390, ARRAY['https://i.ebayimg.com/images/g/PgkAAOSw5WZk-g2Y/s-l960.webp', 'https://picsum.photos/400/400?random=9'], 1, 2, 1, false, 'refurbished', 'Apple', 1.4, 280, 'active', 7, 0, 14000000),
('Acer Swift Go 14" Laptop Intel Core Ultra 7 155H 16GB RAM 1TB SSD Refurbished', 'acer-swift-go-14-laptop-intel-core-ultra-7-155h-16gb-ram-1tb-ssd-refurbished', 'Acer Swift Go 14" Laptop with Intel Core Ultra 7 155H, 16GB RAM, 1TB SSD, Refurbished', 9751346, ARRAY['https://i.ebayimg.com/images/g/m3YAAeSwJJZpOyMs/s-l960.webp', 'https://picsum.photos/400/400?random=10'], 1, 2, 1, false, 'refurbished', 'Acer', 1.3, 220, 'active', 9, 0, 12000000),
('Lenovo IdeaPad 5 2-in-1 16" WUXGA Touch Ryzen 7 8845HS 16GB 512GB SSD FPReader', 'lenovo-ideapad-5-2-in-1-16-wuxga-touch-ryzen-7-8845hs-16gb-512gb-ssd-fpreader', 'Lenovo IdeaPad 5 2-in-1 16" WUXGA Touch with Ryzen 7 8845HS, 16GB RAM, 512GB SSD, Fingerprint Reader', 11534160, ARRAY['https://i.ebayimg.com/images/g/SQ0AAeSw9l1plsEw/s-l960.webp', 'https://picsum.photos/400/400?random=11'], 1, 2, 1, false, 'refurbished', 'Lenovo', 1.8, 190, 'active', 11, 0, 14000000),
('Excellent 2019 Apple MacBook Pro 16" i7 16GB 512GB SSD + Warranty', 'excellent-2019-apple-macbook-pro-16-i7-16gb-512gb-ssd-warranty', 'Excellent condition 2019 Apple MacBook Pro 16" i7 with 16GB RAM and 512GB SSD, includes Warranty', 14391486, ARRAY['https://i.ebayimg.com/images/g/osYAAOSwknBn-VCx/s-l960.webp', 'https://picsum.photos/400/400?random=12'], 1, 2, 1, false, 'refurbished', 'Apple', 2.1, 320, 'active', 5, 0, 20000000),
('Apple Macbook Air 13" 2017 i5 1.8GHZ 8GB 512GB SSD - MacOS Monterey + Warranty', 'apple-macbook-air-13-2017-i5-1-8ghz-8gb-512gb-ssd-macos-monterey-warranty', 'Apple Macbook Air 13" 2017 i5 1.8GHZ with 8GB RAM and 512GB SSD, MacOS Monterey, includes Warranty', 3931838, ARRAY['https://i.ebayimg.com/images/g/t34AAOSwXtJmqWnl/s-l960.webp', 'https://picsum.photos/400/400?random=13'], 1, 2, 1, false, 'used', 'Apple', 1.3, 500, 'active', 8, 0, 6000000),
('2021 Apple 90%+ M1 Pro MacBook Pro 14" 16GB/512GB SSD (Gray) A2442 - w/Warranty', '2021-apple-90-m1-pro-macbook-pro-14-16gb-512gb-ssd-gray-a2442-warranty', '2021 Apple 90%+ M1 Pro MacBook Pro 14" with 16GB RAM and 512GB SSD, Gray, A2442 with Warranty', 18747466, ARRAY['https://i.ebayimg.com/images/g/YZQAAeSwBnho9l7D/s-l960.webp', 'https://picsum.photos/400/400?random=14'], 1, 2, 1, false, 'refurbished', 'Apple', 1.6, 450, 'active', 3, 0, 25000000),
('Samsung Chromebook Intel Celeron 4, 11-inch, 32GB Storage, 4GB RAM', 'samsung-chromebook-intel-celeron-4-11-inch-32gb-storage-4gb-ram', 'Samsung Chromebook with Intel Celeron 4 processor, 11-inch display, 32GB Storage, 4GB RAM', 1310700, ARRAY['https://i.ebayimg.com/images/g/iB4AAeSwFxxprOMF/s-l960.webp', 'https://picsum.photos/400/400?random=15'], 1, 2, 1, false, 'used', 'Samsung', 1.1, 80, 'active', 20, 0, 2000000),
('Panasonic CF-20 Core M5-6Y57 8GB RAM 256GB Hard Drive MK1 *PLEASE READ*', 'panasonic-cf-20-core-m5-6y57-8gb-ram-256gb-hard-drive-mk1-please-read', 'Panasonic CF-20 with Core M5-6Y57 processor, 8GB RAM, 256GB Hard Drive, MK1 model', 2912638, ARRAY['https://i.ebayimg.com/images/g/kaAAAeSwO~loxU7E/s-l960.webp', 'https://picsum.photos/400/400?random=16'], 1, 2, 1, false, 'used', 'Panasonic', 1.5, 60, 'active', 4, 0, 4000000),
('Dell Latitude 14" Laptop Computer Intel i5 Up To 32GB RAM 1TB SSD Windows 11 Pro', 'dell-latitude-14-laptop-computer-intel-i5-up-to-32gb-ram-1tb-ssd-windows-11-pro', 'Dell Latitude 14" Laptop with Intel i5 processor, up to 32GB RAM, 1TB SSD, Windows 11 Pro', 8500000, ARRAY['https://picsum.photos/400/400?random=40', 'https://picsum.photos/400/400?random=17'], 1, 2, 1, false, 'refurbished', 'Dell', 1.8, 140, 'active', 6, 0, 12000000),
('Lot 4 HP Probook 6570b Laptop Intel Core i5-3th Gen with battery and Some RAM', 'lot-4-hp-probook-6570b-laptop-intel-core-i5-3th-gen-battery-some-ram', 'Lot of 4 HP Probook 6570b Laptops with Intel Core i5 3rd Gen, includes battery and some RAM', 3200000, ARRAY['https://picsum.photos/400/400?random=41', 'https://picsum.photos/400/400?random=18'], 1, 2, 1, false, 'used', 'HP', 2.5, 90, 'active', 4, 0, 5000000),
('HP EliteBook 845 G8 14" FHD AMD Ryzen 5 PRO 5650U 16GB 256GB SSD W11P Laptop SL', 'hp-elitebook-845-g8-14-fhd-amd-ryzen-5-pro-5650u-16gb-256gb-ssd-w11p-laptop-sl', 'HP EliteBook 845 G8 14" FHD with AMD Ryzen 5 PRO 5650U, 16GB RAM, 256GB SSD, Windows 11 Pro', 7200000, ARRAY['https://picsum.photos/400/400?random=42', 'https://picsum.photos/400/400?random=19'], 1, 2, 1, false, 'refurbished', 'HP', 1.4, 160, 'active', 8, 0, 10000000),
('15.6" Dell inspiron 15 Laptop Windows 10 Pro i7 2ghz 16gb Ram 320gb HD DVD', '15-6-dell-inspiron-15-laptop-windows-10-pro-i7-2ghz-16gb-ram-320gb-hd-dvd', '15.6" Dell Inspiron 15 Laptop with Windows 10 Pro, i7 2GHz, 16GB RAM, 320GB HD, DVD', 2800000, ARRAY['https://picsum.photos/400/400?random=43', 'https://picsum.photos/400/400?random=20'], 1, 2, 1, false, 'used', 'Dell', 2.3, 110, 'active', 5, 0, 4000000),
('Acer Aspire 5 A515-56-36UT Slim Laptop 15.6" FHD Intel Core i3-1115G4 8GB RAM 256GB SSD', 'acer-aspire-5-a515-56-36ut-slim-laptop-15-6-fhd-intel-core-i3-1115g4-8gb-ram-256gb-ssd', 'Acer Aspire 5 A515-56-36UT Slim Laptop 15.6" FHD with Intel Core i3-1115G4, 8GB RAM, 256GB SSD', 5800000, ARRAY['https://picsum.photos/400/400?random=44', 'https://picsum.photos/400/400?random=21'], 1, 2, 1, false, 'new', 'Acer', 1.7, 200, 'active', 12, 0, 7000000),
('Lenovo ThinkPad T14s Gen 2 14" FHD i7-1165G7 16GB RAM 512GB SSD W10P', 'lenovo-thinkpad-t14s-gen-2-14-fhd-i7-1165g7-16gb-ram-512gb-ssd-w10p', 'Lenovo ThinkPad T14s Gen 2 14" FHD with i7-1165G7, 16GB RAM, 512GB SSD, Windows 10 Pro', 9500000, ARRAY['https://picsum.photos/400/400?random=45', 'https://picsum.photos/400/400?random=22'], 1, 2, 1, false, 'refurbished', 'Lenovo', 1.3, 180, 'active', 7, 0, 13000000),
('ASUS VivoBook 15 X515JA-EJ099TS 15.6" FHD Intel Core i3-1005G1 8GB RAM 256GB SSD', 'asus-vivobook-15-x515ja-ej099ts-15-6-fhd-intel-core-i3-1005g1-8gb-ram-256gb-ssd', 'ASUS VivoBook 15 X515JA-EJ099TS 15.6" FHD with Intel Core i3-1005G1, 8GB RAM, 256GB SSD', 5200000, ARRAY['https://picsum.photos/400/400?random=46', 'https://picsum.photos/400/400?random=23'], 1, 2, 1, false, 'new', 'ASUS', 1.8, 150, 'active', 15, 0, 6500000),
('MSI GF65 Thin 15.6" FHD 144Hz Gaming Laptop Intel Core i5-10500H GTX 1650 8GB RAM 512GB SSD', 'msi-gf65-thin-15-6-fhd-144hz-gaming-laptop-intel-core-i5-10500h-gtx-1650-8gb-ram-512gb-ssd', 'MSI GF65 Thin 15.6" FHD 144Hz Gaming Laptop with Intel Core i5-10500H, GTX 1650, 8GB RAM, 512GB SSD', 8800000, ARRAY['https://picsum.photos/400/400?random=47', 'https://picsum.photos/400/400?random=24'], 1, 2, 1, false, 'refurbished', 'MSI', 2.2, 220, 'active', 6, 0, 12000000),
('Apple MacBook Pro 13" M1 Chip 8GB RAM 256GB SSD Space Gray 2020 Model', 'apple-macbook-pro-13-m1-chip-8gb-ram-256gb-ssd-space-gray-2020-model', 'Apple MacBook Pro 13" with M1 Chip, 8GB RAM, 256GB SSD, Space Gray, 2020 Model', 12500000, ARRAY['https://picsum.photos/400/400?random=48', 'https://picsum.photos/400/400?random=25'], 1, 2, 1, false, 'refurbished', 'Apple', 1.4, 400, 'active', 9, 0, 16000000),
('Dell XPS 13 9310 13.3" FHD+ Intel Core i7-1185G7 16GB RAM 512GB SSD Win 11 Pro', 'dell-xps-13-9310-13-3-fhd-intel-core-i7-1185g7-16gb-ram-512gb-ssd-win-11-pro', 'Dell XPS 13 9310 13.3" FHD+ with Intel Core i7-1185G7, 16GB RAM, 512GB SSD, Windows 11 Pro', 11000000, ARRAY['https://picsum.photos/400/400?random=49', 'https://picsum.photos/400/400?random=26'], 1, 2, 1, false, 'refurbished', 'Dell', 1.2, 350, 'active', 5, 0, 15000000),
('HP Envy 13" Laptop Intel Core i5-1135G7 8GB RAM 256GB SSD Windows 11 Home', 'hp-envy-13-laptop-intel-core-i5-1135g7-8gb-ram-256gb-ssd-windows-11-home', 'HP Envy 13" Laptop with Intel Core i5-1135G7, 8GB RAM, 256GB SSD, Windows 11 Home', 7800000, ARRAY['https://picsum.photos/400/400?random=50', 'https://picsum.photos/400/400?random=27'], 1, 2, 1, false, 'new', 'HP', 1.3, 280, 'active', 10, 0, 9500000),
('Lenovo Yoga 7i 14" 2-in-1 Touchscreen Intel Core i5-1135G7 8GB RAM 512GB SSD Win 11', 'lenovo-yoga-7i-14-2-in-1-touchscreen-intel-core-i5-1135g7-8gb-ram-512gb-ssd-win-11', 'Lenovo Yoga 7i 14" 2-in-1 Touchscreen with Intel Core i5-1135G7, 8GB RAM, 512GB SSD, Windows 11', 9200000, ARRAY['https://picsum.photos/400/400?random=51', 'https://picsum.photos/400/400?random=28'], 1, 2, 1, false, 'new', 'Lenovo', 1.5, 190, 'active', 8, 0, 11000000),
('ASUS ROG Zephyrus G14 14" QHD AMD Ryzen 9 5900HS RTX 3050 Ti 16GB RAM 1TB SSD', 'asus-rog-zephyrus-g14-14-qhd-amd-ryzen-9-5900hs-rtx-3050-ti-16gb-ram-1tb-ssd', 'ASUS ROG Zephyrus G14 14" QHD with AMD Ryzen 9 5900HS, RTX 3050 Ti, 16GB RAM, 1TB SSD', 18500000, ARRAY['https://picsum.photos/400/400?random=52', 'https://picsum.photos/400/400?random=29'], 1, 2, 1, false, 'refurbished', 'ASUS', 1.6, 320, 'active', 4, 0, 22000000),
('Acer Predator Helios 300 15.6" FHD 144Hz Gaming Laptop Intel Core i7-11800H RTX 3060 16GB RAM 512GB SSD', 'acer-predator-helios-300-15-6-fhd-144hz-gaming-laptop-intel-core-i7-11800h-rtx-3060-16gb-ram-512gb-ssd', 'Acer Predator Helios 300 15.6" FHD 144Hz Gaming Laptop with Intel Core i7-11800H, RTX 3060, 16GB RAM, 512GB SSD', 16800000, ARRAY['https://picsum.photos/400/400?random=53', 'https://picsum.photos/400/400?random=30'], 1, 2, 1, false, 'refurbished', 'Acer', 2.4, 250, 'active', 6, 0, 20000000),
('Apple MacBook Air M2 13.6" Retina Display 8GB RAM 256GB SSD Midnight 2022 Model', 'apple-macbook-air-m2-13-6-retina-display-8gb-ram-256gb-ssd-midnight-2022-model', 'Apple MacBook Air M2 13.6" Retina Display with 8GB RAM, 256GB SSD, Midnight color, 2022 Model', 14500000, ARRAY['https://picsum.photos/400/400?random=54', 'https://picsum.photos/400/400?random=31'], 1, 2, 1, false, 'refurbished', 'Apple', 1.2, 380, 'active', 7, 0, 18000000),
('Dell Inspiron 15 3520 15.6" FHD Laptop Intel Core i5-1235U 8GB RAM 512GB SSD Win 11', 'dell-inspiron-15-3520-15-6-fhd-laptop-intel-core-i5-1235u-8gb-ram-512gb-ssd-win-11', 'Dell Inspiron 15 3520 15.6" FHD Laptop with Intel Core i5-1235U, 8GB RAM, 512GB SSD, Windows 11', 6500000, ARRAY['https://picsum.photos/400/400?random=55', 'https://picsum.photos/400/400?random=32'], 1, 2, 1, false, 'new', 'Dell', 1.8, 160, 'active', 14, 0, 8000000),
('HP Pavilion 14 14" FHD Touchscreen Laptop AMD Ryzen 5 5500U 8GB RAM 256GB SSD Win 11', 'hp-pavilion-14-14-fhd-touchscreen-laptop-amd-ryzen-5-5500u-8gb-ram-256gb-ssd-win-11', 'HP Pavilion 14 14" FHD Touchscreen Laptop with AMD Ryzen 5 5500U, 8GB RAM, 256GB SSD, Windows 11', 7200000, ARRAY['https://picsum.photos/400/400?random=56', 'https://picsum.photos/400/400?random=33'], 1, 2, 1, false, 'new', 'HP', 1.4, 200, 'active', 11, 0, 9000000),
('Lenovo Legion 5 15.6" FHD 120Hz Gaming Laptop AMD Ryzen 7 5800H RTX 3050 Ti 16GB RAM 512GB SSD', 'lenovo-legion-5-15-6-fhd-120hz-gaming-laptop-amd-ryzen-7-5800h-rtx-3050-ti-16gb-ram-512gb-ssd', 'Lenovo Legion 5 15.6" FHD 120Hz Gaming Laptop with AMD Ryzen 7 5800H, RTX 3050 Ti, 16GB RAM, 512GB SSD', 14200000, ARRAY['https://picsum.photos/400/400?random=57', 'https://picsum.photos/400/400?random=34'], 1, 2, 1, false, 'refurbished', 'Lenovo', 2.3, 270, 'active', 5, 0, 17000000),
('ASUS TUF Gaming F15 15.6" FHD 144Hz Gaming Laptop Intel Core i5-11400H GTX 1650 8GB RAM 512GB SSD', 'asus-tuf-gaming-f15-15-6-fhd-144hz-gaming-laptop-intel-core-i5-11400h-gtx-1650-8gb-ram-512gb-ssd', 'ASUS TUF Gaming F15 15.6" FHD 144Hz Gaming Laptop with Intel Core i5-11400H, GTX 1650, 8GB RAM, 512GB SSD', 9500000, ARRAY['https://picsum.photos/400/400?random=58', 'https://picsum.photos/400/400?random=35'], 1, 2, 1, false, 'refurbished', 'ASUS', 2.3, 190, 'active', 9, 0, 12000000),
('Apple MacBook Pro 14" M1 Pro Chip 16GB RAM 512GB SSD Space Gray 2021 Model', 'apple-macbook-pro-14-m1-pro-chip-16gb-ram-512gb-ssd-space-gray-2021-model', 'Apple MacBook Pro 14" with M1 Pro Chip, 16GB RAM, 512GB SSD, Space Gray, 2021 Model', 19500000, ARRAY['https://picsum.photos/400/400?random=59', 'https://picsum.photos/400/400?random=36'], 1, 2, 1, false, 'refurbished', 'Apple', 1.6, 420, 'active', 4, 0, 24000000),
('Dell Latitude 5420 14" FHD Laptop Intel Core i5-1145G7 16GB RAM 256GB SSD Win 10 Pro', 'dell-latitude-5420-14-fhd-laptop-intel-core-i5-1145g7-16gb-ram-256gb-ssd-win-10-pro', 'Dell Latitude 5420 14" FHD Laptop with Intel Core i5-1145G7, 16GB RAM, 256GB SSD, Windows 10 Pro', 6800000, ARRAY['https://picsum.photos/400/400?random=60', 'https://picsum.photos/400/400?random=37'], 1, 2, 1, false, 'refurbished', 'Dell', 1.5, 140, 'active', 7, 0, 9500000),
('HP EliteBook 840 G8 14" FHD Laptop Intel Core i5-1135G7 16GB RAM 512GB SSD Win 11 Pro', 'hp-elitebook-840-g8-14-fhd-laptop-intel-core-i5-1135g7-16gb-ram-512gb-ssd-win-11-pro', 'HP EliteBook 840 G8 14" FHD Laptop with Intel Core i5-1135G7, 16GB RAM, 512GB SSD, Windows 11 Pro', 9200000, ARRAY['https://picsum.photos/400/400?random=61', 'https://picsum.photos/400/400?random=38'], 1, 2, 1, false, 'refurbished', 'HP', 1.3, 180, 'active', 6, 0, 12000000),
('Lenovo ThinkPad X1 Carbon Gen 9 14" FHD Touchscreen Intel Core i7-1165G7 16GB RAM 512GB SSD Win 11 Pro', 'lenovo-thinkpad-x1-carbon-gen-9-14-fhd-touchscreen-intel-core-i7-1165g7-16gb-ram-512gb-ssd-win-11-pro', 'Lenovo ThinkPad X1 Carbon Gen 9 14" FHD Touchscreen with Intel Core i7-1165G7, 16GB RAM, 512GB SSD, Windows 11 Pro', 15800000, ARRAY['https://picsum.photos/400/400?random=62', 'https://picsum.photos/400/400?random=39'], 1, 2, 1, false, 'refurbished', 'Lenovo', 1.1, 290, 'active', 3, 0, 19000000),
('ASUS ZenBook 14 UX425 14" FHD Intel Core i7-1165G7 16GB RAM 512GB SSD Win 11 Home', 'asus-zenbook-14-ux425-14-fhd-intel-core-i7-1165g7-16gb-ram-512gb-ssd-win-11-home', 'ASUS ZenBook 14 UX425 14" FHD with Intel Core i7-1165G7, 16GB RAM, 512GB SSD, Windows 11 Home', 10800000, ARRAY['https://picsum.photos/400/400?random=63', 'https://picsum.photos/400/400?random=40'], 1, 2, 1, false, 'new', 'ASUS', 1.2, 240, 'active', 8, 0, 13000000),
('Acer Swift 5 14" FHD Touchscreen Intel Core i7-1165G7 16GB RAM 1TB SSD Win 11', 'acer-swift-5-14-fhd-touchscreen-intel-core-i7-1165g7-16gb-ram-1tb-ssd-win-11', 'Acer Swift 5 14" FHD Touchscreen with Intel Core i7-1165G7, 16GB RAM, 1TB SSD, Windows 11', 11200000, ARRAY['https://picsum.photos/400/400?random=64', 'https://picsum.photos/400/400?random=41'], 1, 2, 1, false, 'new', 'Acer', 1.1, 210, 'active', 9, 0, 13500000),
('MSI Creator Z16 16" QHD+ Creator Laptop Intel Core i7-11800H RTX A4500 32GB RAM 1TB SSD', 'msi-creator-z16-16-qhd-creator-laptop-intel-core-i7-11800h-rtx-a4500-32gb-ram-1tb-ssd', 'MSI Creator Z16 16" QHD+ Creator Laptop with Intel Core i7-11800H, RTX A4500, 32GB RAM, 1TB SSD', 28500000, ARRAY['https://picsum.photos/400/400?random=65', 'https://picsum.photos/400/400?random=42'], 1, 2, 1, false, 'new', 'MSI', 2.0, 120, 'active', 2, 0, 32000000),
('Apple MacBook Pro 16" M1 Max Chip 32GB RAM 1TB SSD Space Gray 2021 Model', 'apple-macbook-pro-16-m1-max-chip-32gb-ram-1tb-ssd-space-gray-2021-model', 'Apple MacBook Pro 16" with M1 Max Chip, 32GB RAM, 1TB SSD, Space Gray, 2021 Model', 32000000, ARRAY['https://picsum.photos/400/400?random=66', 'https://picsum.photos/400/400?random=43'], 1, 2, 1, false, 'refurbished', 'Apple', 2.2, 180, 'active', 3, 0, 38000000),
('Dell Precision 5570 15.6" FHD Mobile Workstation Intel Core i7-11850H RTX A4500 32GB RAM 512GB SSD Win 11 Pro', 'dell-precision-5570-15-6-fhd-mobile-workstation-intel-core-i7-11850h-rtx-a4500-32gb-ram-512gb-ssd-win-11-pro', 'Dell Precision 5570 15.6" FHD Mobile Workstation with Intel Core i7-11850H, RTX A4500, 32GB RAM, 512GB SSD, Windows 11 Pro', 22500000, ARRAY['https://picsum.photos/400/400?random=67', 'https://picsum.photos/400/400?random=44'], 1, 2, 1, false, 'new', 'Dell', 1.8, 90, 'active', 4, 0, 26000000),
('HP ZBook Fury 17.3" FHD Mobile Workstation Intel Core i7-11850H RTX A4500 32GB RAM 1TB SSD Win 11 Pro', 'hp-zbook-fury-17-3-fhd-mobile-workstation-intel-core-i7-11850h-rtx-a4500-32gb-ram-1tb-ssd-win-11-pro', 'HP ZBook Fury 17.3" FHD Mobile Workstation with Intel Core i7-11850H, RTX A4500, 32GB RAM, 1TB SSD, Windows 11 Pro', 24800000, ARRAY['https://picsum.photos/400/400?random=68', 'https://picsum.photos/400/400?random=45'], 1, 2, 1, false, 'new', 'HP', 2.8, 70, 'active', 3, 0, 28000000),
('Lenovo ThinkPad P16 Gen 1 16" FHD Mobile Workstation Intel Core i7-11850H RTX A4500 32GB RAM 1TB SSD Win 11 Pro', 'lenovo-thinkpad-p16-gen-1-16-fhd-mobile-workstation-intel-core-i7-11850h-rtx-a4500-32gb-ram-1tb-ssd-win-11-pro', 'Lenovo ThinkPad P16 Gen 1 16" FHD Mobile Workstation with Intel Core i7-11850H, RTX A4500, 32GB RAM, 1TB SSD, Windows 11 Pro', 26500000, ARRAY['https://picsum.photos/400/400?random=69', 'https://picsum.photos/400/400?random=46'], 1, 2, 1, false, 'new', 'Lenovo', 2.1, 60, 'active', 2, 0, 30000000),
('ASUS ProArt StudioBook 16 H5600QR 16" 4K OLED Creator Laptop AMD Ryzen 9 5900HX RTX A5000 32GB RAM 1TB SSD Win 11 Pro', 'asus-proart-studiobook-16-h5600qr-16-4k-oled-creator-laptop-amd-ryzen-9-5900hx-rtx-a5000-32gb-ram-1tb-ssd-win-11-pro', 'ASUS ProArt StudioBook 16 H5600QR 16" 4K OLED Creator Laptop with AMD Ryzen 9 5900HX, RTX A5000, 32GB RAM, 1TB SSD, Windows 11 Pro', 29500000, ARRAY['https://picsum.photos/400/400?random=70', 'https://picsum.photos/400/400?random=47'], 1, 2, 1, false, 'new', 'ASUS', 2.3, 50, 'active', 2, 0, 33000000),
('Apple MacBook Pro 13" M2 Chip 16GB RAM 512GB SSD Silver 2022 Model', 'apple-macbook-pro-13-m2-chip-16gb-ram-512gb-ssd-silver-2022-model', 'Apple MacBook Pro 13" with M2 Chip, 16GB RAM, 512GB SSD, Silver color, 2022 Model', 16500000, ARRAY['https://picsum.photos/400/400?random=71', 'https://picsum.photos/400/400?random=48'], 1, 2, 1, false, 'refurbished', 'Apple', 1.4, 300, 'active', 6, 0, 20000000),
('Dell XPS 17 9720 17" FHD+ Touchscreen Intel Core i7-1185G7 32GB RAM 1TB SSD Win 11', 'dell-xps-17-9720-17-fhd-touchscreen-intel-core-i7-1185g7-32gb-ram-1tb-ssd-win-11', 'Dell XPS 17 9720 17" FHD+ Touchscreen with Intel Core i7-1185G7, 32GB RAM, 1TB SSD, Windows 11', 19500000, ARRAY['https://picsum.photos/400/400?random=72', 'https://picsum.photos/400/400?random=49'], 1, 2, 1, false, 'new', 'Dell', 2.0, 150, 'active', 5, 0, 23000000),
('HP Spectre x360 14" 3-in-1 Touchscreen Intel Core i7-1165G7 16GB RAM 1TB SSD Win 11', 'hp-spectre-x360-14-3-in-1-touchscreen-intel-core-i7-1165g7-16gb-ram-1tb-ssd-win-11', 'HP Spectre x360 14" 3-in-1 Touchscreen with Intel Core i7-1165G7, 16GB RAM, 1TB SSD, Windows 11', 14800000, ARRAY['https://picsum.photos/400/400?random=73', 'https://picsum.photos/400/400?random=50'], 1, 2, 1, false, 'new', 'HP', 1.3, 220, 'active', 7, 0, 17500000),
('Lenovo Yoga 9i 14" 2-in-1 OLED Touchscreen Intel Core i7-1185G7 16GB RAM 1TB SSD Win 11', 'lenovo-yoga-9i-14-2-in-1-oled-touchscreen-intel-core-i7-1185g7-16gb-ram-1tb-ssd-win-11', 'Lenovo Yoga 9i 14" 2-in-1 OLED Touchscreen with Intel Core i7-1185G7, 16GB RAM, 1TB SSD, Windows 11', 16200000, ARRAY['https://picsum.photos/400/400?random=74', 'https://picsum.photos/400/400?random=51'], 1, 2, 1, false, 'new', 'Lenovo', 1.4, 180, 'active', 6, 0, 19000000),
('ASUS ROG Strix G15 15.6" FHD 300Hz Gaming Laptop AMD Ryzen 7 6800H RTX 3070 Ti 16GB RAM 1TB SSD', 'asus-rog-strix-g15-15-6-fhd-300hz-gaming-laptop-amd-ryzen-7-6800h-rtx-3070-ti-16gb-ram-1tb-ssd', 'ASUS ROG Strix G15 15.6" FHD 300Hz Gaming Laptop with AMD Ryzen 7 6800H, RTX 3070 Ti, 16GB RAM, 1TB SSD', 22800000, ARRAY['https://picsum.photos/400/400?random=75', 'https://picsum.photos/400/400?random=52'], 1, 2, 1, false, 'new', 'ASUS', 2.1, 140, 'active', 4, 0, 26000000),
('Acer ConceptD 7 15.6" 4K OLED Creator Laptop Intel Core i7-11800H RTX A5500 32GB RAM 1TB SSD Win 11 Pro', 'acer-conceptd-7-15-6-4k-oled-creator-laptop-intel-core-i7-11800h-rtx-a5500-32gb-ram-1tb-ssd-win-11-pro', 'Acer ConceptD 7 15.6" 4K OLED Creator Laptop with Intel Core i7-11800H, RTX A5500, 32GB RAM, 1TB SSD, Windows 11 Pro', 31200000, ARRAY['https://picsum.photos/400/400?random=76', 'https://picsum.photos/400/400?random=53'], 1, 2, 1, false, 'new', 'Acer', 1.9, 80, 'active', 2, 0, 35000000),
('Apple MacBook Air M2 13.6" Retina Display 16GB RAM 512GB SSD Gold 2022 Model', 'apple-macbook-air-m2-13-6-retina-display-16gb-ram-512gb-ssd-gold-2022-model', 'Apple MacBook Air M2 13.6" Retina Display with 16GB RAM, 512GB SSD, Gold color, 2022 Model', 17200000, ARRAY['https://picsum.photos/400/400?random=77', 'https://picsum.photos/400/400?random=54'], 1, 2, 1, false, 'new', 'Apple', 1.2, 250, 'active', 8, 0, 20000000),
('Dell Alienware m15 R6 15.6" FHD 360Hz Gaming Laptop Intel Core i7-11800H RTX 3070 16GB RAM 512GB SSD', 'dell-alienware-m15-r6-15-6-fhd-360hz-gaming-laptop-intel-core-i7-11800h-rtx-3070-16gb-ram-512gb-ssd', 'Dell Alienware m15 R6 15.6" FHD 360Hz Gaming Laptop with Intel Core i7-11800H, RTX 3070, 16GB RAM, 512GB SSD', 21500000, ARRAY['https://picsum.photos/400/400?random=78', 'https://picsum.photos/400/400?random=55'], 1, 2, 1, false, 'refurbished', 'Dell', 2.4, 160, 'active', 3, 0, 25000000),
('HP Omen 16 16.1" FHD 165Hz Gaming Laptop AMD Ryzen 7 6800H RTX 3070 Ti 16GB RAM 1TB SSD', 'hp-omen-16-16-1-fhd-165hz-gaming-laptop-amd-ryzen-7-6800h-rtx-3070-ti-16gb-ram-1tb-ssd', 'HP Omen 16 16.1" FHD 165Hz Gaming Laptop with AMD Ryzen 7 6800H, RTX 3070 Ti, 16GB RAM, 1TB SSD', 19800000, ARRAY['https://picsum.photos/400/400?random=79', 'https://picsum.photos/400/400?random=56'], 1, 2, 1, false, 'new', 'HP', 2.3, 130, 'active', 5, 0, 23000000),
('Lenovo Legion 7i 16" QHD 165Hz Gaming Laptop Intel Core i7-11800H RTX 3070 32GB RAM 1TB SSD', 'lenovo-legion-7i-16-qhd-165hz-gaming-laptop-intel-core-i7-11800h-rtx-3070-32gb-ram-1tb-ssd', 'Lenovo Legion 7i 16" QHD 165Hz Gaming Laptop with Intel Core i7-11800H, RTX 3070, 32GB RAM, 1TB SSD', 24200000, ARRAY['https://picsum.photos/400/400?random=80', 'https://picsum.photos/400/400?random=57'], 1, 2, 1, false, 'new', 'Lenovo', 2.2, 110, 'active', 4, 0, 27000000),
('ASUS ROG Zephyrus Duo 16 16" QHD 165Hz Dual Screen Gaming Laptop AMD Ryzen 9 6900HX RTX 3080 Ti 32GB RAM 2TB SSD', 'asus-rog-zephyrus-duo-16-16-qhd-165hz-dual-screen-gaming-laptop-amd-ryzen-9-6900hx-rtx-3080-ti-32gb-ram-2tb-ssd', 'ASUS ROG Zephyrus Duo 16 16" QHD 165Hz Dual Screen Gaming Laptop with AMD Ryzen 9 6900HX, RTX 3080 Ti, 32GB RAM, 2TB SSD', 38500000, ARRAY['https://picsum.photos/400/400?random=81', 'https://picsum.photos/400/400?random=58'], 1, 2, 1, false, 'new', 'ASUS', 2.6, 70, 'active', 1, 0, 42000000),
('Apple MacBook Pro 14" M1 Pro Chip 32GB RAM 1TB SSD Silver 2021 Model', 'apple-macbook-pro-14-m1-pro-chip-32gb-ram-1tb-ssd-silver-2021-model', 'Apple MacBook Pro 14" with M1 Pro Chip, 32GB RAM, 1TB SSD, Silver color, 2021 Model', 22500000, ARRAY['https://picsum.photos/400/400?random=82', 'https://picsum.photos/400/400?random=59'], 1, 2, 1, false, 'refurbished', 'Apple', 1.6, 200, 'active', 5, 0, 27000000),
('Dell XPS 13 Plus 13.4" 3.5K OLED Touchscreen Intel Core i7-1185G7 16GB RAM 512GB SSD Win 11', 'dell-xps-13-plus-13-4-3-5k-oled-touchscreen-intel-core-i7-1185g7-16gb-ram-512gb-ssd-win-11', 'Dell XPS 13 Plus 13.4" 3.5K OLED Touchscreen with Intel Core i7-1185G7, 16GB RAM, 512GB SSD, Windows 11', 16800000, ARRAY['https://picsum.photos/400/400?random=83', 'https://picsum.photos/400/400?random=60'], 1, 2, 1, false, 'new', 'Dell', 1.2, 190, 'active', 6, 0, 19500000),
('HP Envy 16 16.1" 4K OLED Touchscreen AMD Ryzen 7 5800H 32GB RAM 1TB SSD Win 11', 'hp-envy-16-16-1-4k-oled-touchscreen-amd-ryzen-7-5800h-32gb-ram-1tb-ssd-win-11', 'HP Envy 16 16.1" 4K OLED Touchscreen with AMD Ryzen 7 5800H, 32GB RAM, 1TB SSD, Windows 11', 18500000, ARRAY['https://picsum.photos/400/400?random=84', 'https://picsum.photos/400/400?random=61'], 1, 2, 1, false, 'new', 'HP', 1.8, 170, 'active', 7, 0, 21500000),
('Lenovo ThinkPad X1 Extreme Gen 4 16" FHD Touchscreen Intel Core i7-1185G7 32GB RAM 1TB SSD Win 11 Pro', 'lenovo-thinkpad-x1-extreme-gen-4-16-fhd-touchscreen-intel-core-i7-1185g7-32gb-ram-1tb-ssd-win-11-pro', 'Lenovo ThinkPad X1 Extreme Gen 4 16" FHD Touchscreen with Intel Core i7-1185G7, 32GB RAM, 1TB SSD, Windows 11 Pro', 28500000, ARRAY['https://picsum.photos/400/400?random=85', 'https://picsum.photos/400/400?random=62'], 1, 2, 1, false, 'new', 'Lenovo', 1.8, 120, 'active', 3, 0, 32000000),
('ASUS ZenBook Pro Duo 15 OLED 15.6" 4K OLED Dual Screen Intel Core i7-11800H RTX 3060 32GB RAM 1TB SSD Win 11', 'asus-zenbook-pro-duo-15-oled-15-6-4k-oled-dual-screen-intel-core-i7-11800h-rtx-3060-32gb-ram-1tb-ssd-win-11', 'ASUS ZenBook Pro Duo 15 OLED 15.6" 4K OLED Dual Screen with Intel Core i7-11800H, RTX 3060, 32GB RAM, 1TB SSD, Windows 11', 26800000, ARRAY['https://picsum.photos/400/400?random=86', 'https://picsum.photos/400/400?random=63'], 1, 2, 1, false, 'new', 'ASUS', 2.0, 100, 'active', 4, 0, 30000000),
('Acer Predator Triton 500 SE 16" WQUXGA 165Hz Gaming Laptop Intel Core i7-11800H RTX 3080 32GB RAM 2TB SSD', 'acer-predator-triton-500-se-16-wquxga-165hz-gaming-laptop-intel-core-i7-11800h-rtx-3080-32gb-ram-2tb-ssd', 'Acer Predator Triton 500 SE 16" WQUXGA 165Hz Gaming Laptop with Intel Core i7-11800H, RTX 3080, 32GB RAM, 2TB SSD', 32500000, ARRAY['https://picsum.photos/400/400?random=87', 'https://picsum.photos/400/400?random=64'], 1, 2, 1, false, 'new', 'Acer', 2.1, 90, 'active', 2, 0, 36000000),
('Apple MacBook Pro 16" M1 Ultra Chip 64GB RAM 4TB SSD Space Gray 2022 Model', 'apple-macbook-pro-16-m1-ultra-chip-64gb-ram-4tb-ssd-space-gray-2022-model', 'Apple MacBook Pro 16" with M1 Ultra Chip, 64GB RAM, 4TB SSD, Space Gray, 2022 Model', 58000000, ARRAY['https://picsum.photos/400/400?random=88', 'https://picsum.photos/400/400?random=65'], 1, 2, 1, false, 'new', 'Apple', 2.2, 80, 'active', 1, 0, 65000000),
('Bose SoundLink Flex Bluetooth Speaker Unlocked - Good', 'bose-soundlink-flex-bluetooth-speaker-unlocked-good', 'Bose SoundLink Flex Bluetooth Speaker. Good condition. Fully functional with normal signs of use.', 2282450, ARRAY['https://picsum.photos/seed/1070/400/400', 'https://picsum.photos/seed/1071/400/400'], 5, 1, 2, false, 'used', 'Bose', 0.59, 2630, 'active', 3, 100000, 4200000),
('Canon EOS 90D DSLR Body Unlocked - Refurbished', 'canon-eos-90d-dslr-body-unlocked-refurbished', 'Canon EOS 90D DSLR Body. Certified refurbished by Canon. Tested and verified to work perfectly. May have minor cosmetic wear.', 21540298, ARRAY['https://picsum.photos/seed/1080/400/400', 'https://picsum.photos/seed/1081/400/400', 'https://picsum.photos/seed/1082/400/400', 'https://picsum.photos/seed/1083/400/400'], 6, 3, 2, false, 'refurbished', 'Canon', 0.701, 18065, 'active', 6, 0, 35000000),
('Microsoft Surface Book 3 13.5" i7 32GB GTX 1650 32GB RAM 512GB SSD Unlocked - Refurbished', 'microsoft-surface-book-3-135-i7-32gb-gtx-1650-32gb-ram-512gb-ssd-unlocked-refurbished', 'Microsoft Surface Book 3 13.5" i7 32GB GTX 1650 with 32GB RAM 512GB SSD storage. Certified refurbished by Microsoft. Tested and verified to work perfectly. May have minor cosmetic wear.', 19544239, ARRAY['https://picsum.photos/seed/1090/400/400', 'https://picsum.photos/seed/1091/400/400', 'https://picsum.photos/seed/1092/400/400'], 1, 4, 1, false, 'refurbished', 'Microsoft', 1.54, 22655, 'active', 7, 100000, 28000000),
('Google Pixel 6 Pro 128GB Unlocked - Refurbished', 'google-pixel-6-pro-128gb-unlocked-refurbished', 'Google Pixel 6 Pro with 128GB storage. Certified refurbished by Google. Tested and verified to work perfectly. May have minor cosmetic wear.', 8208629, ARRAY['https://picsum.photos/seed/1100/400/400', 'https://picsum.photos/seed/1101/400/400', 'https://picsum.photos/seed/1102/400/400', 'https://picsum.photos/seed/1103/400/400'], 3, 6, 4, false, 'refurbished', 'Google', 0.21, 14844, 'active', 4, 0, 12000000),
('Apple iPad Mini (6th Gen) Wi-Fi 64GB Unlocked - Excellent', 'apple-ipad-mini-6th-gen-wi-fi-64gb-unlocked-excellent', 'Apple iPad Mini (6th Gen) Wi-Fi with 64GB storage. Like new condition, minimal signs of use. All original accessories included.', 11759016, ARRAY['https://picsum.photos/seed/1110/400/400', 'https://picsum.photos/seed/1111/400/400'], 4, 10, 1, false, 'new', 'Apple', 0.293, 7266, 'active', 1, 0, 13000000),
('Apple iPhone 13 128GB Unlocked - Good', 'apple-iphone-13-128gb-unlocked-good', 'Apple iPhone 13 with 128GB storage. Good condition. Fully functional with normal signs of use.', 6423467, ARRAY['https://picsum.photos/seed/1120/400/400', 'https://picsum.photos/seed/1121/400/400'], 3, 2, 1, false, 'used', 'Apple', 0.174, 2371, 'active', 17, 0, 13000000),
('Apple Watch Series 9 GPS 45mm Aluminum Unlocked - Excellent', 'apple-watch-series-9-gps-45mm-aluminum-unlocked-excellent', 'Apple Watch Series 9 GPS 45mm Aluminum. Like new condition, minimal signs of use. All original accessories included.', 12067987, ARRAY['https://picsum.photos/seed/1130/400/400', 'https://picsum.photos/seed/1131/400/400'], 7, 9, 2, false, 'new', 'Apple', 0.039, 18761, 'active', 19, 25000, 13000000),
('HP Spectre x360 14 i7-1255U 16GB RAM 512GB SSD Unlocked - Excellent', 'hp-spectre-x360-14-i7-1255u-16gb-ram-512gb-ssd-unlocked-excellent', 'HP Spectre x360 14 i7-1255U with 16GB RAM 512GB SSD storage. Like new condition, minimal signs of use. All original accessories included.', 29467584, ARRAY['https://picsum.photos/seed/1140/400/400', 'https://picsum.photos/seed/1141/400/400', 'https://picsum.photos/seed/1142/400/400'], 1, 4, 1, true, 'new', 'HP', 1.36, 14174, 'active', 1, 0, 30000000),
('Samsung Galaxy Tab S9 Wi-Fi 128GB Unlocked - Refurbished', 'samsung-galaxy-tab-s9-wi-fi-128gb-unlocked-refurbished', 'Samsung Galaxy Tab S9 Wi-Fi with 128GB storage. Certified refurbished by Samsung. Tested and verified to work perfectly. May have minor cosmetic wear.', 12029421, ARRAY['https://picsum.photos/seed/1150/400/400', 'https://picsum.photos/seed/1151/400/400', 'https://picsum.photos/seed/1152/400/400', 'https://picsum.photos/seed/1153/400/400'], 4, 1, 1, true, 'refurbished', 'Samsung', 0.498, 23912, 'active', 1, 0, 18000000),
('Apple Watch Series 9 GPS 41mm Aluminum Unlocked - Good', 'apple-watch-series-9-gps-41mm-aluminum-unlocked-good', 'Apple Watch Series 9 GPS 41mm Aluminum. Good condition. Fully functional with normal signs of use.', 5829153, ARRAY['https://picsum.photos/seed/1160/400/400', 'https://picsum.photos/seed/1161/400/400'], 7, 4, 2, false, 'used', 'Apple', 0.032, 4643, 'active', 14, 0, 12000000),
('Jabra Elite 4 Active True Wireless Unlocked - Excellent', 'jabra-elite-4-active-true-wireless-unlocked-excellent', 'Jabra Elite 4 Active True Wireless. Like new condition, minimal signs of use. All original accessories included.', 2510970, ARRAY['https://picsum.photos/seed/1170/400/400', 'https://picsum.photos/seed/1171/400/400'], 5, 8, 1, true, 'new', 'Jabra', 0.056, 21419, 'active', 1, 50000, 2800000),
('Google Pixel 8 128GB Unlocked - Good', 'google-pixel-8-128gb-unlocked-good', 'Google Pixel 8 with 128GB storage. Good condition. Fully functional with normal signs of use.', 9295586, ARRAY['https://picsum.photos/seed/1180/400/400', 'https://picsum.photos/seed/1181/400/400'], 3, 3, 4, false, 'used', 'Google', 0.187, 7054, 'active', 28, 25000, 18000000),
('Apple MacBook Pro 16" M3 Max 36GB RAM 1TB SSD Unlocked - Acceptable', 'apple-macbook-pro-16-m3-max-36gb-ram-1tb-ssd-unlocked-acceptable', 'Apple MacBook Pro 16" M3 Max with 36GB RAM 1TB SSD storage. Acceptable condition. Fully functional. May have noticeable scratches or scuffs.', 46881076, ARRAY['https://picsum.photos/seed/1190/400/400', 'https://picsum.photos/seed/1191/400/400', 'https://picsum.photos/seed/1192/400/400'], 1, 1, 4, false, 'used', 'Apple', 2.14, 14959, 'active', 10, 25000, 85000000),
('Apple iPhone 15 Pro Max 512GB Unlocked - Refurbished', 'apple-iphone-15-pro-max-512gb-unlocked-refurbished', 'Apple iPhone 15 Pro Max with 512GB storage. Certified refurbished by Apple. Tested and verified to work perfectly. May have minor cosmetic wear.', 27965990, ARRAY['https://picsum.photos/seed/1200/400/400', 'https://picsum.photos/seed/1201/400/400', 'https://picsum.photos/seed/1202/400/400', 'https://picsum.photos/seed/1203/400/400'], 3, 8, 2, false, 'refurbished', 'Apple', 0.221, 7183, 'active', 2, 50000, 40000000),
('OnePlus 12 5G 256GB Unlocked - Good', 'oneplus-12-5g-256gb-unlocked-good', 'OnePlus 12 5G with 256GB storage. Good condition. Fully functional with normal signs of use.', 9927837, ARRAY['https://picsum.photos/seed/1210/400/400', 'https://picsum.photos/seed/1211/400/400', 'https://picsum.photos/seed/1212/400/400', 'https://picsum.photos/seed/1213/400/400'], 3, 6, 1, true, 'used', 'OnePlus', 0.22, 15673, 'active', 1, 50000, 19000000),
('Samsung Galaxy A54 5G 128GB Unlocked - Acceptable', 'samsung-galaxy-a54-5g-128gb-unlocked-acceptable', 'Samsung Galaxy A54 5G with 128GB storage. Acceptable condition. Fully functional. May have noticeable scratches or scuffs.', 4406925, ARRAY['https://picsum.photos/seed/1220/400/400', 'https://picsum.photos/seed/1221/400/400'], 3, 1, 1, true, 'used', 'Samsung', 0.202, 6139, 'active', 1, 0, 8000000),
('Apple iPhone 14 128GB Unlocked - Refurbished', 'apple-iphone-14-128gb-unlocked-refurbished', 'Apple iPhone 14 with 128GB storage. Certified refurbished by Apple. Tested and verified to work perfectly. May have minor cosmetic wear.', 10908011, ARRAY['https://picsum.photos/seed/1230/400/400', 'https://picsum.photos/seed/1231/400/400'], 3, 7, 1, false, 'refurbished', 'Apple', 0.172, 18717, 'active', 8, 50000, 16000000),
('OnePlus Nord N30 5G 128GB Unlocked - Refurbished', 'oneplus-nord-n30-5g-128gb-unlocked-refurbished', 'OnePlus Nord N30 5G with 128GB storage. Certified refurbished by OnePlus. Tested and verified to work perfectly. May have minor cosmetic wear.', 3996931, ARRAY['https://picsum.photos/seed/1240/400/400', 'https://picsum.photos/seed/1241/400/400', 'https://picsum.photos/seed/1242/400/400'], 3, 10, 1, false, 'refurbished', 'OnePlus', 0.193, 8594, 'active', 7, 100000, 7000000),
('Apple AirPods (3rd Gen) Unlocked - Good', 'apple-airpods-3rd-gen-unlocked-good', 'Apple AirPods (3rd Gen). Good condition. Fully functional with normal signs of use.', 2085139, ARRAY['https://picsum.photos/seed/1250/400/400', 'https://picsum.photos/seed/1251/400/400', 'https://picsum.photos/seed/1252/400/400'], 5, 7, 2, false, 'used', 'Apple', 0.046, 9880, 'active', 15, 0, 4000000),
('Fitbit Charge 6 Advanced Fitness Tracker Unlocked - Acceptable', 'fitbit-charge-6-advanced-fitness-tracker-unlocked-acceptable', 'Fitbit Charge 6 Advanced Fitness Tracker. Acceptable condition. Fully functional. May have noticeable scratches or scuffs.', 2036065, ARRAY['https://picsum.photos/seed/1260/400/400', 'https://picsum.photos/seed/1261/400/400'], 7, 8, 1, false, 'used', 'Fitbit', 0.031, 3326, 'active', 3, 50000, 4200000),
('Apple iPhone 13 Pro Max 256GB Unlocked - Excellent', 'apple-iphone-13-pro-max-256gb-unlocked-excellent', 'Apple iPhone 13 Pro Max with 256GB storage. Like new condition, minimal signs of use. All original accessories included.', 18112331, ARRAY['https://picsum.photos/seed/1270/400/400', 'https://picsum.photos/seed/1271/400/400'], 3, 6, 1, false, 'new', 'Apple', 0.24, 12158, 'active', 10, 0, 20000000),
('Asus VivoBook 15 i5-1235U 8GB RAM 512GB SSD Unlocked - Refurbished', 'asus-vivobook-15-i5-1235u-8gb-ram-512gb-ssd-unlocked-refurbished', 'Asus VivoBook 15 i5-1235U with 8GB RAM 512GB SSD storage. Certified refurbished by Asus. Tested and verified to work perfectly. May have minor cosmetic wear.', 9639210, ARRAY['https://picsum.photos/seed/1280/400/400', 'https://picsum.photos/seed/1281/400/400', 'https://picsum.photos/seed/1282/400/400', 'https://picsum.photos/seed/1283/400/400'], 1, 5, 1, false, 'refurbished', 'Asus', 1.75, 21479, 'active', 17, 0, 14000000),
('HP Omen 16 i7-12700H RTX 3060Ti 16GB RAM 512GB SSD Unlocked - Refurbished', 'hp-omen-16-i7-12700h-rtx-3060ti-16gb-ram-512gb-ssd-unlocked-refurbished', 'HP Omen 16 i7-12700H RTX 3060Ti with 16GB RAM 512GB SSD storage. Certified refurbished by HP. Tested and verified to work perfectly. May have minor cosmetic wear.', 23576170, ARRAY['https://picsum.photos/seed/1290/400/400', 'https://picsum.photos/seed/1291/400/400', 'https://picsum.photos/seed/1292/400/400'], 1, 2, 2, false, 'refurbished', 'HP', 2.37, 3557, 'active', 24, 50000, 35000000),
('Dell Alienware m15 R7 i7-12700H 16GB RAM 512GB RTX 3060 Unlocked - Excellent', 'dell-alienware-m15-r7-i7-12700h-16gb-ram-512gb-rtx-3060-unlocked-excellent', 'Dell Alienware m15 R7 i7-12700H with 16GB RAM 512GB RTX 3060 storage. Like new condition, minimal signs of use. All original accessories included.', 34663542, ARRAY['https://picsum.photos/seed/1300/400/400', 'https://picsum.photos/seed/1301/400/400', 'https://picsum.photos/seed/1302/400/400', 'https://picsum.photos/seed/1303/400/400'], 1, 4, 3, false, 'new', 'Dell', 2.86, 20832, 'active', 28, 0, 38000000),
('Acer Swift Go 14" Core Ultra 7 155H 16GB RAM 1TB SSD Unlocked - Refurbished', 'acer-swift-go-14-core-ultra-7-155h-16gb-ram-1tb-ssd-unlocked-refurbished', 'Acer Swift Go 14" Core Ultra 7 155H with 16GB RAM 1TB SSD storage. Certified refurbished by Acer. Tested and verified to work perfectly. May have minor cosmetic wear.', 10394057, ARRAY['https://picsum.photos/seed/1310/400/400', 'https://picsum.photos/seed/1311/400/400'], 1, 2, 4, false, 'refurbished', 'Acer', 1.25, 1494, 'active', 1, 0, 20970000),
('Apple MacBook Air 15" M2 8GB RAM 256GB SSD Unlocked - Good', 'apple-macbook-air-15-m2-8gb-ram-256gb-ssd-unlocked-good', 'Apple MacBook Air 15" M2 with 8GB RAM 256GB SSD storage. Good condition. Fully functional with normal signs of use.', 17898720, ARRAY['https://picsum.photos/seed/1320/400/400', 'https://picsum.photos/seed/1321/400/400'], 1, 8, 1, false, 'used', 'Apple', 1.51, 18429, 'active', 1, 0, 32000000),
('HP Pavilion 15 i5-1235U 8GB RAM 512GB SSD Unlocked - Sealed', 'hp-pavilion-15-i5-1235u-8gb-ram-512gb-ssd-unlocked-sealed', 'HP Pavilion 15 i5-1235U with 8GB RAM 512GB SSD storage. Brand new, factory sealed.', 13375178, ARRAY['https://picsum.photos/seed/1330/400/400', 'https://picsum.photos/seed/1331/400/400', 'https://picsum.photos/seed/1332/400/400', 'https://picsum.photos/seed/1333/400/400'], 1, 1, 3, false, 'new', 'HP', 1.75, 4902, 'active', 14, 0, 15000000),
('HP EliteBook 840 G9 i5-1235U 16GB RAM 256GB SSD Unlocked - Sealed', 'hp-elitebook-840-g9-i5-1235u-16gb-ram-256gb-ssd-unlocked-sealed', 'HP EliteBook 840 G9 i5-1235U with 16GB RAM 256GB SSD storage. Brand new, factory sealed.', 21079459, ARRAY['https://picsum.photos/seed/1340/400/400', 'https://picsum.photos/seed/1341/400/400'], 1, 6, 2, false, 'new', 'HP', 1.33, 21904, 'active', 4, 0, 23000000),
('Samsung Galaxy Tab S9 Ultra Wi-Fi 256GB Unlocked - Good', 'samsung-galaxy-tab-s9-ultra-wi-fi-256gb-unlocked-good', 'Samsung Galaxy Tab S9 Ultra Wi-Fi with 256GB storage. Good condition. Fully functional with normal signs of use.', 17104469, ARRAY['https://picsum.photos/seed/1350/400/400', 'https://picsum.photos/seed/1351/400/400', 'https://picsum.photos/seed/1352/400/400', 'https://picsum.photos/seed/1353/400/400'], 4, 3, 2, false, 'used', 'Samsung', 0.732, 5851, 'active', 29, 25000, 30000000),
('Samsung Galaxy A34 5G 128GB Unlocked - Sealed', 'samsung-galaxy-a34-5g-128gb-unlocked-sealed', 'Samsung Galaxy A34 5G with 128GB storage. Brand new, factory sealed.', 5872343, ARRAY['https://picsum.photos/seed/1360/400/400', 'https://picsum.photos/seed/1361/400/400', 'https://picsum.photos/seed/1362/400/400'], 3, 7, 2, false, 'new', 'Samsung', 0.199, 23029, 'active', 4, 25000, 6000000),
('Acer Predator Helios 16 i9-13900HX RTX 4080 32GB RAM 1TB SSD Unlocked - Good', 'acer-predator-helios-16-i9-13900hx-rtx-4080-32gb-ram-1tb-ssd-unlocked-good', 'Acer Predator Helios 16 i9-13900HX RTX 4080 with 32GB RAM 1TB SSD storage. Good condition. Fully functional with normal signs of use.', 37548434, ARRAY['https://picsum.photos/seed/1370/400/400', 'https://picsum.photos/seed/1371/400/400'], 1, 4, 4, false, 'used', 'Acer', 2.6, 7507, 'active', 8, 0, 65000000),
('Microsoft Surface Laptop 5 i7-1265U 16GB RAM 512GB SSD Unlocked - Refurbished', 'microsoft-surface-laptop-5-i7-1265u-16gb-ram-512gb-ssd-unlocked-refurbished', 'Microsoft Surface Laptop 5 i7-1265U with 16GB RAM 512GB SSD storage. Certified refurbished by Microsoft. Tested and verified to work perfectly. May have minor cosmetic wear.', 20371287, ARRAY['https://picsum.photos/seed/1380/400/400', 'https://picsum.photos/seed/1381/400/400', 'https://picsum.photos/seed/1382/400/400'], 1, 5, 1, false, 'refurbished', 'Microsoft', 1.27, 9196, 'active', 12, 100000, 30000000),
('Sony WF-1000XM4 True Wireless Unlocked - Refurbished', 'sony-wf-1000xm4-true-wireless-unlocked-refurbished', 'Sony WF-1000XM4 True Wireless. Certified refurbished by Sony. Tested and verified to work perfectly. May have minor cosmetic wear.', 3262526, ARRAY['https://picsum.photos/seed/1390/400/400', 'https://picsum.photos/seed/1391/400/400', 'https://picsum.photos/seed/1392/400/400', 'https://picsum.photos/seed/1393/400/400'], 5, 6, 1, true, 'refurbished', 'Sony', 0.055, 8609, 'active', 1, 0, 5000000),
('Asus ZenBook 14 OLED i5-1340P 16GB RAM 512GB SSD Unlocked - Refurbished', 'asus-zenbook-14-oled-i5-1340p-16gb-ram-512gb-ssd-unlocked-refurbished', 'Asus ZenBook 14 OLED i5-1340P with 16GB RAM 512GB SSD storage. Certified refurbished by Asus. Tested and verified to work perfectly. May have minor cosmetic wear.', 15006723, ARRAY['https://picsum.photos/seed/1400/400/400', 'https://picsum.photos/seed/1401/400/400'], 1, 2, 1, false, 'refurbished', 'Asus', 1.39, 23922, 'active', 26, 0, 23000000),
('Sony Alpha a7 IV Mirrorless Body Unlocked - Refurbished', 'sony-alpha-a7-iv-mirrorless-body-unlocked-refurbished', 'Sony Alpha a7 IV Mirrorless Body. Certified refurbished by Sony. Tested and verified to work perfectly. May have minor cosmetic wear.', 44645063, ARRAY['https://picsum.photos/seed/1410/400/400', 'https://picsum.photos/seed/1411/400/400'], 6, 7, 1, false, 'refurbished', 'Sony', 0.659, 1504, 'active', 23, 25000, 65000000),
('Samsung Galaxy Watch6 Classic 47mm Unlocked - Sealed', 'samsung-galaxy-watch6-classic-47mm-unlocked-sealed', 'Samsung Galaxy Watch6 Classic 47mm. Brand new, factory sealed.', 9629215, ARRAY['https://picsum.photos/seed/1420/400/400', 'https://picsum.photos/seed/1421/400/400', 'https://picsum.photos/seed/1422/400/400', 'https://picsum.photos/seed/1423/400/400'], 7, 4, 3, false, 'new', 'Samsung', 0.059, 21815, 'active', 30, 0, 10000000),
('Samsung Galaxy Z Flip5 256GB Unlocked - Refurbished', 'samsung-galaxy-z-flip5-256gb-unlocked-refurbished', 'Samsung Galaxy Z Flip5 with 256GB storage. Certified refurbished by Samsung. Tested and verified to work perfectly. May have minor cosmetic wear.', 15841224, ARRAY['https://picsum.photos/seed/1430/400/400', 'https://picsum.photos/seed/1431/400/400'], 3, 5, 1, false, 'refurbished', 'Samsung', 0.187, 13432, 'active', 11, 25000, 23000000),
('Apple iPhone 14 Pro 128GB Unlocked - Refurbished', 'apple-iphone-14-pro-128gb-unlocked-refurbished', 'Apple iPhone 14 Pro with 128GB storage. Certified refurbished by Apple. Tested and verified to work perfectly. May have minor cosmetic wear.', 13866941, ARRAY['https://picsum.photos/seed/1440/400/400', 'https://picsum.photos/seed/1441/400/400'], 3, 7, 4, false, 'refurbished', 'Apple', 0.206, 5752, 'active', 20, 50000, 21000000),
('Canon PowerShot G7 X Mark III Unlocked - Refurbished', 'canon-powershot-g7-x-mark-iii-unlocked-refurbished', 'Canon PowerShot G7 X Mark III. Certified refurbished by Canon. Tested and verified to work perfectly. May have minor cosmetic wear.', 11349107, ARRAY['https://picsum.photos/seed/1450/400/400', 'https://picsum.photos/seed/1451/400/400'], 6, 5, 3, false, 'refurbished', 'Canon', 0.304, 19054, 'active', 20, 100000, 17000000),
('Acer Nitro 5 i5-12450H RTX 3050Ti 8GB RAM 512GB SSD Unlocked - Refurbished', 'acer-nitro-5-i5-12450h-rtx-3050ti-8gb-ram-512gb-ssd-unlocked-refurbished', 'Acer Nitro 5 i5-12450H RTX 3050Ti with 8GB RAM 512GB SSD storage. Certified refurbished by Acer. Tested and verified to work perfectly. May have minor cosmetic wear.', 14526492, ARRAY['https://picsum.photos/seed/1460/400/400', 'https://picsum.photos/seed/1461/400/400', 'https://picsum.photos/seed/1462/400/400'], 1, 4, 1, false, 'refurbished', 'Acer', 2.2, 24165, 'active', 6, 100000, 22000000),
('Asus ProArt Studiobook 16 i9-13980HX 32GB RAM 1TB SSD RTX 4070 Unlocked - Sealed', 'asus-proart-studiobook-16-i9-13980hx-32gb-ram-1tb-ssd-rtx-4070-unlocked-sealed', 'Asus ProArt Studiobook 16 i9-13980HX with 32GB RAM 1TB SSD RTX 4070 storage. Brand new, factory sealed.', 59647849, ARRAY['https://picsum.photos/seed/1470/400/400', 'https://picsum.photos/seed/1471/400/400', 'https://picsum.photos/seed/1472/400/400', 'https://picsum.photos/seed/1473/400/400'], 1, 10, 3, true, 'new', 'Asus', 2.4, 24663, 'active', 1, 0, 60000000),
('Fitbit Sense 2 Health Smartwatch Unlocked - Refurbished', 'fitbit-sense-2-health-smartwatch-unlocked-refurbished', 'Fitbit Sense 2 Health Smartwatch. Certified refurbished by Fitbit. Tested and verified to work perfectly. May have minor cosmetic wear.', 3635552, ARRAY['https://picsum.photos/seed/1480/400/400', 'https://picsum.photos/seed/1481/400/400'], 7, 3, 1, true, 'refurbished', 'Fitbit', 0.038, 15619, 'active', 1, 50000, 6000000),
('Dell XPS 15 9530 i7-13700H 16GB RAM 512GB SSD Unlocked - Good', 'dell-xps-15-9530-i7-13700h-16gb-ram-512gb-ssd-unlocked-good', 'Dell XPS 15 9530 i7-13700H with 16GB RAM 512GB SSD storage. Good condition. Fully functional with normal signs of use.', 19905463, ARRAY['https://picsum.photos/seed/1490/400/400', 'https://picsum.photos/seed/1491/400/400', 'https://picsum.photos/seed/1492/400/400'], 1, 7, 1, false, 'used', 'Dell', 1.86, 22868, 'active', 13, 25000, 37000000),
('Apple iPhone 15 Pro 128GB Unlocked - Refurbished', 'apple-iphone-15-pro-128gb-unlocked-refurbished', 'Apple iPhone 15 Pro with 128GB storage. Certified refurbished by Apple. Tested and verified to work perfectly. May have minor cosmetic wear.', 18854739, ARRAY['https://picsum.photos/seed/1500/400/400', 'https://picsum.photos/seed/1501/400/400', 'https://picsum.photos/seed/1502/400/400', 'https://picsum.photos/seed/1503/400/400'], 3, 1, 1, false, 'refurbished', 'Apple', 0.187, 7220, 'active', 6, 100000, 28000000),
('Nikon Z6 III Mirrorless Body Unlocked - Refurbished', 'nikon-z6-iii-mirrorless-body-unlocked-refurbished', 'Nikon Z6 III Mirrorless Body. Certified refurbished by Nikon. Tested and verified to work perfectly. May have minor cosmetic wear.', 41010631, ARRAY['https://picsum.photos/seed/1510/400/400', 'https://picsum.photos/seed/1511/400/400', 'https://picsum.photos/seed/1512/400/400', 'https://picsum.photos/seed/1513/400/400'], 6, 4, 1, false, 'refurbished', 'Nikon', 0.72, 15275, 'active', 22, 50000, 63000000),
('Apple iPad Pro 11" M2 Wi-Fi 128GB Unlocked - Acceptable', 'apple-ipad-pro-11-m2-wi-fi-128gb-unlocked-acceptable', 'Apple iPad Pro 11" M2 Wi-Fi with 128GB storage. Acceptable condition. Fully functional. May have noticeable scratches or scuffs.', 11048754, ARRAY['https://picsum.photos/seed/1520/400/400', 'https://picsum.photos/seed/1521/400/400', 'https://picsum.photos/seed/1522/400/400'], 4, 8, 1, false, 'used', 'Apple', 0.466, 16590, 'active', 14, 50000, 19000000),
('Canon EOS R6 Mark II Mirrorless Body Unlocked - Refurbished', 'canon-eos-r6-mark-ii-mirrorless-body-unlocked-refurbished', 'Canon EOS R6 Mark II Mirrorless Body. Certified refurbished by Canon. Tested and verified to work perfectly. May have minor cosmetic wear.', 38917556, ARRAY['https://picsum.photos/seed/1530/400/400', 'https://picsum.photos/seed/1531/400/400', 'https://picsum.photos/seed/1532/400/400', 'https://picsum.photos/seed/1533/400/400'], 6, 8, 4, false, 'refurbished', 'Canon', 0.588, 8151, 'active', 27, 100000, 60000000),
('Apple MacBook Pro 14" M3 8GB RAM 512GB SSD Unlocked - Excellent', 'apple-macbook-pro-14-m3-8gb-ram-512gb-ssd-unlocked-excellent', 'Apple MacBook Pro 14" M3 with 8GB RAM 512GB SSD storage. Like new condition, minimal signs of use. All original accessories included.', 40072979, ARRAY['https://picsum.photos/seed/1540/400/400', 'https://picsum.photos/seed/1541/400/400', 'https://picsum.photos/seed/1542/400/400'], 1, 4, 3, false, 'new', 'Apple', 1.55, 23431, 'active', 10, 0, 42000000),
('Samsung Galaxy Z Fold5 256GB Unlocked - Excellent', 'samsung-galaxy-z-fold5-256gb-unlocked-excellent', 'Samsung Galaxy Z Fold5 with 256GB storage. Like new condition, minimal signs of use. All original accessories included.', 36681918, ARRAY['https://picsum.photos/seed/1550/400/400', 'https://picsum.photos/seed/1551/400/400', 'https://picsum.photos/seed/1552/400/400', 'https://picsum.photos/seed/1553/400/400'], 3, 2, 2, false, 'new', 'Samsung', 0.253, 12601, 'active', 23, 0, 40000000),
('Lenovo Legion 5 Pro i7-12700H RTX 3070Ti 16GB RAM 1TB SSD Unlocked - Good', 'lenovo-legion-5-pro-i7-12700h-rtx-3070ti-16gb-ram-1tb-ssd-unlocked-good', 'Lenovo Legion 5 Pro i7-12700H RTX 3070Ti with 16GB RAM 1TB SSD storage. Good condition. Fully functional with normal signs of use.', 19869395, ARRAY['https://picsum.photos/seed/1560/400/400', 'https://picsum.photos/seed/1561/400/400', 'https://picsum.photos/seed/1562/400/400'], 1, 7, 3, false, 'used', 'Lenovo', 2.49, 13674, 'active', 2, 0, 38000000),
('Lenovo Yoga 9i Gen8 i7-1360P 16GB RAM 1TB SSD Unlocked - Good', 'lenovo-yoga-9i-gen8-i7-1360p-16gb-ram-1tb-ssd-unlocked-good', 'Lenovo Yoga 9i Gen8 i7-1360P with 16GB RAM 1TB SSD storage. Good condition. Fully functional with normal signs of use.', 19133584, ARRAY['https://picsum.photos/seed/1570/400/400', 'https://picsum.photos/seed/1571/400/400', 'https://picsum.photos/seed/1572/400/400', 'https://picsum.photos/seed/1573/400/400'], 1, 1, 1, false, 'used', 'Lenovo', 1.39, 243, 'active', 12, 0, 33000000),
('Apple MacBook Air 13" M2 8GB RAM 256GB SSD Unlocked - Good', 'apple-macbook-air-13-m2-8gb-ram-256gb-ssd-unlocked-good', 'Apple MacBook Air 13" M2 with 8GB RAM 256GB SSD storage. Good condition. Fully functional with normal signs of use.', 15057502, ARRAY['https://picsum.photos/seed/1580/400/400', 'https://picsum.photos/seed/1581/400/400', 'https://picsum.photos/seed/1582/400/400', 'https://picsum.photos/seed/1583/400/400'], 1, 9, 1, false, 'used', 'Apple', 1.24, 16048, 'active', 8, 0, 26000000),
('Apple MacBook Air 13" M1 8GB RAM 256GB SSD Unlocked - Refurbished', 'apple-macbook-air-13-m1-8gb-ram-256gb-ssd-unlocked-refurbished', 'Apple MacBook Air 13" M1 with 8GB RAM 256GB SSD storage. Certified refurbished by Apple. Tested and verified to work perfectly. May have minor cosmetic wear.', 12021738, ARRAY['https://picsum.photos/seed/1590/400/400', 'https://picsum.photos/seed/1591/400/400', 'https://picsum.photos/seed/1592/400/400'], 1, 6, 4, false, 'refurbished', 'Apple', 1.29, 15365, 'active', 30, 0, 20000000),
('Bose QuietComfort Ultra Earbuds Unlocked - Acceptable', 'bose-quietcomfort-ultra-earbuds-unlocked-acceptable', 'Bose QuietComfort Ultra Earbuds. Acceptable condition. Fully functional. May have noticeable scratches or scuffs.', 4760069, ARRAY['https://picsum.photos/seed/1600/400/400', 'https://picsum.photos/seed/1601/400/400'], 5, 7, 1, false, 'used', 'Bose', 0.061, 938, 'active', 3, 100000, 8500000),
('Samsung Galaxy S22 Ultra 128GB Unlocked - Refurbished', 'samsung-galaxy-s22-ultra-128gb-unlocked-refurbished', 'Samsung Galaxy S22 Ultra with 128GB storage. Certified refurbished by Samsung. Tested and verified to work perfectly. May have minor cosmetic wear.', 12018251, ARRAY['https://picsum.photos/seed/1610/400/400', 'https://picsum.photos/seed/1611/400/400'], 3, 1, 3, false, 'refurbished', 'Samsung', 0.228, 6985, 'active', 15, 0, 18000000),
('Samsung Galaxy Tab A9+ Wi-Fi 64GB Unlocked - Refurbished', 'samsung-galaxy-tab-a9-wi-fi-64gb-unlocked-refurbished', 'Samsung Galaxy Tab A9+ Wi-Fi with 64GB storage. Certified refurbished by Samsung. Tested and verified to work perfectly. May have minor cosmetic wear.', 5172369, ARRAY['https://picsum.photos/seed/1620/400/400', 'https://picsum.photos/seed/1621/400/400', 'https://picsum.photos/seed/1622/400/400'], 4, 5, 4, false, 'refurbished', 'Samsung', 0.48, 2733, 'active', 16, 0, 7500000),
('Apple iPhone 12 64GB Unlocked - Good', 'apple-iphone-12-64gb-unlocked-good', 'Apple iPhone 12 with 64GB storage. Good condition. Fully functional with normal signs of use.', 3904614, ARRAY['https://picsum.photos/seed/1630/400/400', 'https://picsum.photos/seed/1631/400/400', 'https://picsum.photos/seed/1632/400/400'], 3, 4, 1, false, 'used', 'Apple', 0.164, 21406, 'active', 2, 0, 8000000),
('Apple iPad (10th Gen) Wi-Fi 64GB Unlocked - Acceptable', 'apple-ipad-10th-gen-wi-fi-64gb-unlocked-acceptable', 'Apple iPad (10th Gen) Wi-Fi with 64GB storage. Acceptable condition. Fully functional. May have noticeable scratches or scuffs.', 5318089, ARRAY['https://picsum.photos/seed/1640/400/400', 'https://picsum.photos/seed/1641/400/400'], 4, 10, 2, false, 'used', 'Apple', 0.477, 15567, 'active', 22, 0, 10000000),
('Samsung Galaxy S23 Ultra 256GB Unlocked - Refurbished', 'samsung-galaxy-s23-ultra-256gb-unlocked-refurbished', 'Samsung Galaxy S23 Ultra with 256GB storage. Certified refurbished by Samsung. Tested and verified to work perfectly. May have minor cosmetic wear.', 16214209, ARRAY['https://picsum.photos/seed/1650/400/400', 'https://picsum.photos/seed/1651/400/400', 'https://picsum.photos/seed/1652/400/400'], 3, 5, 3, false, 'refurbished', 'Samsung', 0.234, 19948, 'active', 24, 100000, 25000000),
('Asus ROG Zephyrus G14 R9-7940HS RTX 4060 16GB RAM 1TB SSD Unlocked - Excellent', 'asus-rog-zephyrus-g14-r9-7940hs-rtx-4060-16gb-ram-1tb-ssd-unlocked-excellent', 'Asus ROG Zephyrus G14 R9-7940HS RTX 4060 with 16GB RAM 1TB SSD storage. Like new condition, minimal signs of use. All original accessories included.', 33673767, ARRAY['https://picsum.photos/seed/1660/400/400', 'https://picsum.photos/seed/1661/400/400', 'https://picsum.photos/seed/1662/400/400'], 1, 2, 1, true, 'new', 'Asus', 1.65, 10272, 'active', 1, 50000, 38000000),
('Apple iPhone 14 Pro Max 256GB Unlocked - Refurbished', 'apple-iphone-14-pro-max-256gb-unlocked-refurbished', 'Apple iPhone 14 Pro Max with 256GB storage. Certified refurbished by Apple. Tested and verified to work perfectly. May have minor cosmetic wear.', 17787075, ARRAY['https://picsum.photos/seed/1670/400/400', 'https://picsum.photos/seed/1671/400/400', 'https://picsum.photos/seed/1672/400/400'], 3, 4, 1, false, 'refurbished', 'Apple', 0.24, 20603, 'active', 8, 0, 26000000),
('OnePlus 11 5G 128GB Unlocked - Refurbished', 'oneplus-11-5g-128gb-unlocked-refurbished', 'OnePlus 11 5G with 128GB storage. Certified refurbished by OnePlus. Tested and verified to work perfectly. May have minor cosmetic wear.', 9132464, ARRAY['https://picsum.photos/seed/1680/400/400', 'https://picsum.photos/seed/1681/400/400', 'https://picsum.photos/seed/1682/400/400', 'https://picsum.photos/seed/1683/400/400'], 3, 10, 1, false, 'refurbished', 'OnePlus', 0.205, 18594, 'active', 26, 0, 15000000),
('Dell Inspiron 15 3530 i5-1334U 8GB RAM 512GB SSD Unlocked - Refurbished', 'dell-inspiron-15-3530-i5-1334u-8gb-ram-512gb-ssd-unlocked-refurbished', 'Dell Inspiron 15 3530 i5-1334U with 8GB RAM 512GB SSD storage. Certified refurbished by Dell. Tested and verified to work perfectly. May have minor cosmetic wear.', 9398373, ARRAY['https://picsum.photos/seed/1690/400/400', 'https://picsum.photos/seed/1691/400/400', 'https://picsum.photos/seed/1692/400/400', 'https://picsum.photos/seed/1693/400/400'], 1, 6, 1, false, 'refurbished', 'Dell', 1.65, 11231, 'active', 1, 25000, 14000000),
('Dell Latitude 5540 i7-1365U 16GB RAM 512GB SSD Unlocked - Good', 'dell-latitude-5540-i7-1365u-16gb-ram-512gb-ssd-unlocked-good', 'Dell Latitude 5540 i7-1365U with 16GB RAM 512GB SSD storage. Good condition. Fully functional with normal signs of use.', 13042662, ARRAY['https://picsum.photos/seed/1700/400/400', 'https://picsum.photos/seed/1701/400/400', 'https://picsum.photos/seed/1702/400/400'], 1, 6, 4, false, 'used', 'Dell', 1.59, 14320, 'active', 6, 100000, 25000000),
('Samsung Galaxy S24 Ultra 256GB Unlocked - Refurbished', 'samsung-galaxy-s24-ultra-256gb-unlocked-refurbished', 'Samsung Galaxy S24 Ultra with 256GB storage. Certified refurbished by Samsung. Tested and verified to work perfectly. May have minor cosmetic wear.', 20966403, ARRAY['https://picsum.photos/seed/1710/400/400', 'https://picsum.photos/seed/1711/400/400', 'https://picsum.photos/seed/1712/400/400', 'https://picsum.photos/seed/1713/400/400'], 3, 9, 4, false, 'refurbished', 'Samsung', 0.232, 24004, 'active', 19, 0, 31000000),
('HP Envy 16 i9-13900H RTX 4060 16GB RAM 1TB SSD Unlocked - Refurbished', 'hp-envy-16-i9-13900h-rtx-4060-16gb-ram-1tb-ssd-unlocked-refurbished', 'HP Envy 16 i9-13900H RTX 4060 with 16GB RAM 1TB SSD storage. Certified refurbished by HP. Tested and verified to work perfectly. May have minor cosmetic wear.', 24829681, ARRAY['https://picsum.photos/seed/1720/400/400', 'https://picsum.photos/seed/1721/400/400'], 1, 5, 4, false, 'refurbished', 'HP', 2.36, 15277, 'active', 19, 50000, 38000000),
('Sony ZV-E10 Mirrorless Body Unlocked - Refurbished', 'sony-zv-e10-mirrorless-body-unlocked-refurbished', 'Sony ZV-E10 Mirrorless Body. Certified refurbished by Sony. Tested and verified to work perfectly. May have minor cosmetic wear.', 9205474, ARRAY['https://picsum.photos/seed/1730/400/400', 'https://picsum.photos/seed/1731/400/400'], 6, 8, 3, false, 'refurbished', 'Sony', 0.343, 7000, 'active', 12, 0, 14000000),
('Apple Watch Ultra 2 GPS+Cellular 49mm Unlocked - Refurbished', 'apple-watch-ultra-2-gpscellular-49mm-unlocked-refurbished', 'Apple Watch Ultra 2 GPS+Cellular 49mm. Certified refurbished by Apple. Tested and verified to work perfectly. May have minor cosmetic wear.', 16458754, ARRAY['https://picsum.photos/seed/1740/400/400', 'https://picsum.photos/seed/1741/400/400', 'https://picsum.photos/seed/1742/400/400', 'https://picsum.photos/seed/1743/400/400'], 7, 1, 1, false, 'refurbished', 'Apple', 0.061, 2855, 'active', 8, 100000, 25000000),
('Apple AirPods Pro (2nd Gen) MagSafe USB-C Unlocked - Refurbished', 'apple-airpods-pro-2nd-gen-magsafe-usb-c-unlocked-refurbished', 'Apple AirPods Pro (2nd Gen) MagSafe USB-C. Certified refurbished by Apple. Tested and verified to work perfectly. May have minor cosmetic wear.', 4116072, ARRAY['https://picsum.photos/seed/1750/400/400', 'https://picsum.photos/seed/1751/400/400'], 5, 8, 4, false, 'refurbished', 'Apple', 0.061, 615, 'active', 3, 0, 6200000),
('Sony Alpha a7C II Mirrorless Body Unlocked - Excellent', 'sony-alpha-a7c-ii-mirrorless-body-unlocked-excellent', 'Sony Alpha a7C II Mirrorless Body. Like new condition, minimal signs of use. All original accessories included.', 52553131, ARRAY['https://picsum.photos/seed/1760/400/400', 'https://picsum.photos/seed/1761/400/400'], 6, 5, 1, false, 'new', 'Sony', 0.514, 18186, 'active', 17, 0, 55000000),
('Samsung Galaxy S22+ 128GB Unlocked - Refurbished', 'samsung-galaxy-s22-128gb-unlocked-refurbished', 'Samsung Galaxy S22+ with 128GB storage. Certified refurbished by Samsung. Tested and verified to work perfectly. May have minor cosmetic wear.', 8804248, ARRAY['https://picsum.photos/seed/1770/400/400', 'https://picsum.photos/seed/1771/400/400', 'https://picsum.photos/seed/1772/400/400'], 3, 6, 4, false, 'refurbished', 'Samsung', 0.195, 8287, 'active', 8, 0, 13000000),
('Samsung Galaxy Buds FE True Wireless Unlocked - Good', 'samsung-galaxy-buds-fe-true-wireless-unlocked-good', 'Samsung Galaxy Buds FE True Wireless. Good condition. Fully functional with normal signs of use.', 1215438, ARRAY['https://picsum.photos/seed/1780/400/400', 'https://picsum.photos/seed/1781/400/400'], 5, 9, 2, false, 'used', 'Samsung', 0.056, 24252, 'active', 16, 0, 2200000),
('Dell XPS 13 9315 i5-1230U 16GB RAM 512GB SSD Unlocked - Good', 'dell-xps-13-9315-i5-1230u-16gb-ram-512gb-ssd-unlocked-good', 'Dell XPS 13 9315 i5-1230U with 16GB RAM 512GB SSD storage. Good condition. Fully functional with normal signs of use.', 15500486, ARRAY['https://picsum.photos/seed/1790/400/400', 'https://picsum.photos/seed/1791/400/400', 'https://picsum.photos/seed/1792/400/400', 'https://picsum.photos/seed/1793/400/400'], 1, 5, 1, false, 'used', 'Dell', 1.2, 9757, 'active', 8, 0, 26000000),
('Nikon Z50 II Mirrorless Body Unlocked - Excellent', 'nikon-z50-ii-mirrorless-body-unlocked-excellent', 'Nikon Z50 II Mirrorless Body. Like new condition, minimal signs of use. All original accessories included.', 23009342, ARRAY['https://picsum.photos/seed/1800/400/400', 'https://picsum.photos/seed/1801/400/400', 'https://picsum.photos/seed/1802/400/400', 'https://picsum.photos/seed/1803/400/400'], 6, 9, 2, false, 'new', 'Nikon', 0.45, 1836, 'active', 18, 0, 27000000),
('Samsung Galaxy S22 5G 128GB Unlocked - Refurbished', 'samsung-galaxy-s22-5g-128gb-unlocked-refurbished', 'Samsung Galaxy S22 5G with 128GB storage. Certified refurbished by Samsung. Tested and verified to work perfectly. May have minor cosmetic wear.', 6214827, ARRAY['https://picsum.photos/seed/1810/400/400', 'https://picsum.photos/seed/1811/400/400', 'https://picsum.photos/seed/1812/400/400', 'https://picsum.photos/seed/1813/400/400'], 3, 8, 1, false, 'refurbished', 'Samsung', 0.167, 18860, 'active', 10, 25000, 10000000),
('Apple iPhone 15 Pro Max 256GB Unlocked - Refurbished', 'apple-iphone-15-pro-max-256gb-unlocked-refurbished', 'Apple iPhone 15 Pro Max with 256GB storage. Certified refurbished by Apple. Tested and verified to work perfectly. May have minor cosmetic wear.', 23800000, ARRAY['https://picsum.photos/seed/1820/400/400', 'https://picsum.photos/seed/1821/400/400'], 3, 1, 3, false, 'refurbished', 'Apple', 0.221, 15704, 'active', 4, 0, 34000000),
('Garmin Fenix 7X Solar GPS Smartwatch Unlocked - Refurbished', 'garmin-fenix-7x-solar-gps-smartwatch-unlocked-refurbished', 'Garmin Fenix 7X Solar GPS Smartwatch. Certified refurbished by Garmin. Tested and verified to work perfectly. May have minor cosmetic wear.', 15610723, ARRAY['https://picsum.photos/seed/1830/400/400', 'https://picsum.photos/seed/1831/400/400', 'https://picsum.photos/seed/1832/400/400', 'https://picsum.photos/seed/1833/400/400'], 7, 1, 2, false, 'refurbished', 'Garmin', 0.089, 18493, 'active', 10, 0, 25000000),
('Nikon D7500 DSLR Body Unlocked - Acceptable', 'nikon-d7500-dslr-body-unlocked-acceptable', 'Nikon D7500 DSLR Body. Acceptable condition. Fully functional. May have noticeable scratches or scuffs.', 13096821, ARRAY['https://picsum.photos/seed/1840/400/400', 'https://picsum.photos/seed/1841/400/400', 'https://picsum.photos/seed/1842/400/400', 'https://picsum.photos/seed/1843/400/400'], 6, 7, 1, false, 'used', 'Nikon', 0.72, 20314, 'active', 8, 50000, 25000000),
('Lenovo ThinkBook 14 G5 i5-1335U 16GB RAM 512GB SSD Unlocked - Refurbished', 'lenovo-thinkbook-14-g5-i5-1335u-16gb-ram-512gb-ssd-unlocked-refurbished', 'Lenovo ThinkBook 14 G5 i5-1335U with 16GB RAM 512GB SSD storage. Certified refurbished by Lenovo. Tested and verified to work perfectly. May have minor cosmetic wear.', 12828453, ARRAY['https://picsum.photos/seed/1850/400/400', 'https://picsum.photos/seed/1851/400/400', 'https://picsum.photos/seed/1852/400/400'], 1, 10, 4, false, 'refurbished', 'Lenovo', 1.46, 20399, 'active', 2, 50000, 19000000),
('Samsung Galaxy Watch6 44mm Unlocked - Acceptable', 'samsung-galaxy-watch6-44mm-unlocked-acceptable', 'Samsung Galaxy Watch6 44mm. Acceptable condition. Fully functional. May have noticeable scratches or scuffs.', 3604053, ARRAY['https://picsum.photos/seed/1860/400/400', 'https://picsum.photos/seed/1861/400/400'], 7, 4, 3, false, 'used', 'Samsung', 0.033, 5196, 'active', 8, 0, 7500000),
('Lenovo ThinkPad X1 Carbon Gen11 i7-1365U 16GB RAM 512GB SSD Unlocked - Refurbished', 'lenovo-thinkpad-x1-carbon-gen11-i7-1365u-16gb-ram-512gb-ssd-unlocked-refurbished', 'Lenovo ThinkPad X1 Carbon Gen11 i7-1365U with 16GB RAM 512GB SSD storage. Certified refurbished by Lenovo. Tested and verified to work perfectly. May have minor cosmetic wear.', 24456545, ARRAY['https://picsum.photos/seed/1870/400/400', 'https://picsum.photos/seed/1871/400/400'], 1, 7, 4, false, 'refurbished', 'Lenovo', 1.12, 15448, 'active', 10, 0, 38000000),
('GoPro HERO11 Black Action Camera Unlocked - Excellent', 'gopro-hero11-black-action-camera-unlocked-excellent', 'GoPro HERO11 Black Action Camera. Like new condition, minimal signs of use. All original accessories included.', 9982593, ARRAY['https://picsum.photos/seed/1880/400/400', 'https://picsum.photos/seed/1881/400/400', 'https://picsum.photos/seed/1882/400/400'], 6, 8, 1, false, 'new', 'GoPro', 0.154, 8718, 'active', 26, 100000, 10000000),
('Samsung Galaxy Buds2 Pro True Wireless Unlocked - Refurbished', 'samsung-galaxy-buds2-pro-true-wireless-unlocked-refurbished', 'Samsung Galaxy Buds2 Pro True Wireless. Certified refurbished by Samsung. Tested and verified to work perfectly. May have minor cosmetic wear.', 2332428, ARRAY['https://picsum.photos/seed/1890/400/400', 'https://picsum.photos/seed/1891/400/400', 'https://picsum.photos/seed/1892/400/400'], 5, 2, 1, false, 'refurbished', 'Samsung', 0.061, 4932, 'active', 30, 0, 3800000),
('Sony WH-1000XM4 Wireless Noise Canceling Unlocked - Good', 'sony-wh-1000xm4-wireless-noise-canceling-unlocked-good', 'Sony WH-1000XM4 Wireless Noise Canceling. Good condition. Fully functional with normal signs of use.', 3299757, ARRAY['https://picsum.photos/seed/1900/400/400', 'https://picsum.photos/seed/1901/400/400'], 5, 3, 3, false, 'used', 'Sony', 0.253, 18701, 'active', 30, 0, 7000000),
('Jabra Elite 85h Wireless Noise Canceling Unlocked - Refurbished', 'jabra-elite-85h-wireless-noise-canceling-unlocked-refurbished', 'Jabra Elite 85h Wireless Noise Canceling. Certified refurbished by Jabra. Tested and verified to work perfectly. May have minor cosmetic wear.', 3041465, ARRAY['https://picsum.photos/seed/1910/400/400', 'https://picsum.photos/seed/1911/400/400', 'https://picsum.photos/seed/1912/400/400', 'https://picsum.photos/seed/1913/400/400'], 5, 5, 4, false, 'refurbished', 'Jabra', 0.227, 16449, 'active', 18, 25000, 5000000),
('Google Pixel 8 Pro 128GB Unlocked - Refurbished', 'google-pixel-8-pro-128gb-unlocked-refurbished', 'Google Pixel 8 Pro with 128GB storage. Certified refurbished by Google. Tested and verified to work perfectly. May have minor cosmetic wear.', 15704173, ARRAY['https://picsum.photos/seed/1920/400/400', 'https://picsum.photos/seed/1921/400/400'], 3, 7, 3, false, 'refurbished', 'Google', 0.213, 897, 'active', 3, 0, 23000000),
('Apple iPad Air M1 Wi-Fi 64GB Unlocked - Acceptable', 'apple-ipad-air-m1-wi-fi-64gb-unlocked-acceptable', 'Apple iPad Air M1 Wi-Fi with 64GB storage. Acceptable condition. Fully functional. May have noticeable scratches or scuffs.', 8206279, ARRAY['https://picsum.photos/seed/1930/400/400', 'https://picsum.photos/seed/1931/400/400', 'https://picsum.photos/seed/1932/400/400', 'https://picsum.photos/seed/1933/400/400'], 4, 1, 3, false, 'used', 'Apple', 0.461, 24831, 'active', 6, 25000, 14000000),
('Sony Cyber-shot RX100 VII Unlocked - Refurbished', 'sony-cyber-shot-rx100-vii-unlocked-refurbished', 'Sony Cyber-shot RX100 VII. Certified refurbished by Sony. Tested and verified to work perfectly. May have minor cosmetic wear.', 17077422, ARRAY['https://picsum.photos/seed/1940/400/400', 'https://picsum.photos/seed/1941/400/400', 'https://picsum.photos/seed/1942/400/400'], 6, 3, 1, false, 'refurbished', 'Sony', 0.302, 16162, 'active', 3, 25000, 26000000),
('Samsung Galaxy Tab S9 FE Wi-Fi 128GB Unlocked - Refurbished', 'samsung-galaxy-tab-s9-fe-wi-fi-128gb-unlocked-refurbished', 'Samsung Galaxy Tab S9 FE Wi-Fi with 128GB storage. Certified refurbished by Samsung. Tested and verified to work perfectly. May have minor cosmetic wear.', 7498998, ARRAY['https://picsum.photos/seed/1950/400/400', 'https://picsum.photos/seed/1951/400/400', 'https://picsum.photos/seed/1952/400/400'], 4, 2, 2, false, 'refurbished', 'Samsung', 0.523, 22780, 'active', 16, 0, 12000000),
('Microsoft Surface Pro 9 i5-1235U 8GB RAM 256GB SSD Unlocked - Refurbished', 'microsoft-surface-pro-9-i5-1235u-8gb-ram-256gb-ssd-unlocked-refurbished', 'Microsoft Surface Pro 9 i5-1235U with 8GB RAM 256GB SSD storage. Certified refurbished by Microsoft. Tested and verified to work perfectly. May have minor cosmetic wear.', 16979618, ARRAY['https://picsum.photos/seed/1960/400/400', 'https://picsum.photos/seed/1961/400/400', 'https://picsum.photos/seed/1962/400/400', 'https://picsum.photos/seed/1963/400/400'], 1, 1, 4, true, 'refurbished', 'Microsoft', 0.879, 8320, 'active', 1, 0, 25000000),
('Google Pixel 7a 128GB Unlocked - Excellent', 'google-pixel-7a-128gb-unlocked-excellent', 'Google Pixel 7a with 128GB storage. Like new condition, minimal signs of use. All original accessories included.', 9347616, ARRAY['https://picsum.photos/seed/1970/400/400', 'https://picsum.photos/seed/1971/400/400', 'https://picsum.photos/seed/1972/400/400', 'https://picsum.photos/seed/1973/400/400'], 3, 1, 1, false, 'new', 'Google', 0.193, 1826, 'active', 7, 50000, 10000000),
('Google Pixel 7 Pro 128GB Unlocked - Refurbished', 'google-pixel-7-pro-128gb-unlocked-refurbished', 'Google Pixel 7 Pro with 128GB storage. Certified refurbished by Google. Tested and verified to work perfectly. May have minor cosmetic wear.', 11786376, ARRAY['https://picsum.photos/seed/1980/400/400', 'https://picsum.photos/seed/1981/400/400', 'https://picsum.photos/seed/1982/400/400'], 3, 8, 1, false, 'refurbished', 'Google', 0.212, 18046, 'active', 5, 0, 17000000),
('GoPro HERO12 Black Action Camera Unlocked - Refurbished', 'gopro-hero12-black-action-camera-unlocked-refurbished', 'GoPro HERO12 Black Action Camera. Certified refurbished by GoPro. Tested and verified to work perfectly. May have minor cosmetic wear.', 8666514, ARRAY['https://picsum.photos/seed/1990/400/400', 'https://picsum.photos/seed/1991/400/400'], 6, 1, 1, false, 'refurbished', 'GoPro', 0.154, 23308, 'active', 6, 0, 13000000),
('Garmin Venu 3 Health Smartwatch Unlocked - Refurbished', 'garmin-venu-3-health-smartwatch-unlocked-refurbished', 'Garmin Venu 3 Health Smartwatch. Certified refurbished by Garmin. Tested and verified to work perfectly. May have minor cosmetic wear.', 7533155, ARRAY['https://picsum.photos/seed/2000/400/400', 'https://picsum.photos/seed/2001/400/400', 'https://picsum.photos/seed/2002/400/400'], 7, 2, 2, false, 'refurbished', 'Garmin', 0.04, 3767, 'active', 15, 0, 11000000),
('Apple iPhone 15 128GB Unlocked - Refurbished', 'apple-iphone-15-128gb-unlocked-refurbished', 'Apple iPhone 15 with 128GB storage. Certified refurbished by Apple. Tested and verified to work perfectly. May have minor cosmetic wear.', 14611450, ARRAY['https://picsum.photos/seed/2010/400/400', 'https://picsum.photos/seed/2011/400/400', 'https://picsum.photos/seed/2012/400/400'], 3, 5, 1, false, 'refurbished', 'Apple', 0.171, 13664, 'active', 27, 25000, 22000000),
('Lenovo IdeaPad 5 Pro 16 i5-1340P 16GB RAM 512GB SSD Unlocked - Acceptable', 'lenovo-ideapad-5-pro-16-i5-1340p-16gb-ram-512gb-ssd-unlocked-acceptable', 'Lenovo IdeaPad 5 Pro 16 i5-1340P with 16GB RAM 512GB SSD storage. Acceptable condition. Fully functional. May have noticeable scratches or scuffs.', 11522281, ARRAY['https://picsum.photos/seed/2020/400/400', 'https://picsum.photos/seed/2021/400/400', 'https://picsum.photos/seed/2022/400/400'], 1, 9, 2, false, 'used', 'Lenovo', 1.98, 19690, 'active', 17, 100000, 21000000),
('Samsung Galaxy Tab S9+ Wi-Fi 256GB Unlocked - Good', 'samsung-galaxy-tab-s9-wi-fi-256gb-unlocked-good', 'Samsung Galaxy Tab S9+ Wi-Fi with 256GB storage. Good condition. Fully functional with normal signs of use.', 13711995, ARRAY['https://picsum.photos/seed/2030/400/400', 'https://picsum.photos/seed/2031/400/400'], 4, 5, 4, false, 'used', 'Samsung', 0.581, 16687, 'active', 9, 0, 23000000),
('Apple iPhone SE (2022) 64GB Unlocked - Excellent', 'apple-iphone-se-2022-64gb-unlocked-excellent', 'Apple iPhone SE (2022) with 64GB storage. Like new condition, minimal signs of use. All original accessories included.', 5413058, ARRAY['https://picsum.photos/seed/2040/400/400', 'https://picsum.photos/seed/2041/400/400', 'https://picsum.photos/seed/2042/400/400', 'https://picsum.photos/seed/2043/400/400'], 3, 10, 4, false, 'new', 'Apple', 0.144, 14682, 'active', 18, 25000, 6000000),
('Apple iPad Pro 12.9" M2 Wi-Fi 128GB Unlocked - Refurbished', 'apple-ipad-pro-129-m2-wi-fi-128gb-unlocked-refurbished', 'Apple iPad Pro 12.9" M2 Wi-Fi with 128GB storage. Certified refurbished by Apple. Tested and verified to work perfectly. May have minor cosmetic wear.', 17307454, ARRAY['https://picsum.photos/seed/2050/400/400', 'https://picsum.photos/seed/2051/400/400', 'https://picsum.photos/seed/2052/400/400', 'https://picsum.photos/seed/2053/400/400'], 4, 7, 4, false, 'refurbished', 'Apple', 0.682, 6231, 'active', 23, 0, 26000000),
('Apple Watch SE (2023) GPS 44mm Unlocked - Refurbished', 'apple-watch-se-2023-gps-44mm-unlocked-refurbished', 'Apple Watch SE (2023) GPS 44mm. Certified refurbished by Apple. Tested and verified to work perfectly. May have minor cosmetic wear.', 4919907, ARRAY['https://picsum.photos/seed/2060/400/400', 'https://picsum.photos/seed/2061/400/400', 'https://picsum.photos/seed/2062/400/400'], 7, 1, 3, false, 'refurbished', 'Apple', 0.033, 23158, 'active', 30, 25000, 8000000),
('Bose QuietComfort 45 Wireless Unlocked - Refurbished', 'bose-quietcomfort-45-wireless-unlocked-refurbished', 'Bose QuietComfort 45 Wireless. Certified refurbished by Bose. Tested and verified to work perfectly. May have minor cosmetic wear.', 5370928, ARRAY['https://picsum.photos/seed/2070/400/400', 'https://picsum.photos/seed/2071/400/400', 'https://picsum.photos/seed/2072/400/400', 'https://picsum.photos/seed/2073/400/400'], 5, 3, 4, false, 'refurbished', 'Bose', 0.238, 4186, 'active', 17, 50000, 8000000),
('Samsung Galaxy S24+ 256GB Unlocked - Refurbished', 'samsung-galaxy-s24-256gb-unlocked-refurbished', 'Samsung Galaxy S24+ with 256GB storage. Certified refurbished by Samsung. Tested and verified to work perfectly. May have minor cosmetic wear.', 15510479, ARRAY['https://picsum.photos/seed/2080/400/400', 'https://picsum.photos/seed/2081/400/400', 'https://picsum.photos/seed/2082/400/400'], 3, 2, 1, false, 'refurbished', 'Samsung', 0.196, 552, 'active', 24, 0, 24000000),
('Garmin Forerunner 965 GPS Running Watch Unlocked - Refurbished', 'garmin-forerunner-965-gps-running-watch-unlocked-refurbished', 'Garmin Forerunner 965 GPS Running Watch. Certified refurbished by Garmin. Tested and verified to work perfectly. May have minor cosmetic wear.', 11573175, ARRAY['https://picsum.photos/seed/2090/400/400', 'https://picsum.photos/seed/2091/400/400'], 7, 2, 4, false, 'refurbished', 'Garmin', 0.053, 8734, 'active', 11, 50000, 17000000),
('Samsung Galaxy S23 128GB Unlocked - Refurbished', 'samsung-galaxy-s23-128gb-unlocked-refurbished', 'Samsung Galaxy S23 with 128GB storage. Certified refurbished by Samsung. Tested and verified to work perfectly. May have minor cosmetic wear.', 9862806, ARRAY['https://picsum.photos/seed/2100/400/400', 'https://picsum.photos/seed/2101/400/400'], 3, 6, 1, false, 'refurbished', 'Samsung', 0.168, 10426, 'active', 21, 100000, 15000000),
('Google Pixel 7 128GB Unlocked - Good', 'google-pixel-7-128gb-unlocked-good', 'Google Pixel 7 with 128GB storage. Good condition. Fully functional with normal signs of use.', 6623300, ARRAY['https://picsum.photos/seed/2110/400/400', 'https://picsum.photos/seed/2111/400/400', 'https://picsum.photos/seed/2112/400/400', 'https://picsum.photos/seed/2113/400/400'], 3, 1, 1, true, 'used', 'Google', 0.197, 20731, 'active', 1, 100000, 12000000),
('Google Pixel 6a 128GB Unlocked - Acceptable', 'google-pixel-6a-128gb-unlocked-acceptable', 'Google Pixel 6a with 128GB storage. Acceptable condition. Fully functional. May have noticeable scratches or scuffs.', 3738536, ARRAY['https://picsum.photos/seed/2120/400/400', 'https://picsum.photos/seed/2121/400/400', 'https://picsum.photos/seed/2122/400/400', 'https://picsum.photos/seed/2123/400/400'], 3, 2, 4, false, 'used', 'Google', 0.178, 24965, 'active', 21, 100000, 7500000),
('Apple MacBook Pro 14" M3 Pro 18GB RAM 512GB SSD Unlocked - Good', 'apple-macbook-pro-14-m3-pro-18gb-ram-512gb-ssd-unlocked-good', 'Apple MacBook Pro 14" M3 Pro with 18GB RAM 512GB SSD storage. Good condition. Fully functional with normal signs of use.', 31260921, ARRAY['https://picsum.photos/seed/2130/400/400', 'https://picsum.photos/seed/2131/400/400'], 1, 5, 1, true, 'used', 'Apple', 1.61, 1888, 'active', 1, 0, 55000000),
('Canon EOS R50 Mirrorless Body Unlocked - Refurbished', 'canon-eos-r50-mirrorless-body-unlocked-refurbished', 'Canon EOS R50 Mirrorless Body. Certified refurbished by Canon. Tested and verified to work perfectly. May have minor cosmetic wear.', 15353215, ARRAY['https://picsum.photos/seed/2140/400/400', 'https://picsum.photos/seed/2141/400/400'], 6, 4, 1, false, 'refurbished', 'Canon', 0.375, 22391, 'active', 26, 0, 23000000),
('Apple iPhone 15 Pro 256GB Unlocked - Excellent', 'apple-iphone-15-pro-256gb-unlocked-excellent', 'Apple iPhone 15 Pro with 256GB storage. Like new condition, minimal signs of use. All original accessories included.', 27012434, ARRAY['https://picsum.photos/seed/2150/400/400', 'https://picsum.photos/seed/2151/400/400', 'https://picsum.photos/seed/2152/400/400', 'https://picsum.photos/seed/2153/400/400'], 3, 7, 1, false, 'new', 'Apple', 0.187, 16357, 'active', 30, 50000, 31000000),
('Samsung Galaxy S24 128GB Unlocked - Excellent', 'samsung-galaxy-s24-128gb-unlocked-excellent', 'Samsung Galaxy S24 with 128GB storage. Like new condition, minimal signs of use. All original accessories included.', 18084202, ARRAY['https://picsum.photos/seed/2160/400/400', 'https://picsum.photos/seed/2161/400/400', 'https://picsum.photos/seed/2162/400/400', 'https://picsum.photos/seed/2163/400/400'], 3, 5, 4, false, 'new', 'Samsung', 0.167, 357, 'active', 29, 25000, 19000000),
('Apple AirPods Max Unlocked - Acceptable', 'apple-airpods-max-unlocked-acceptable', 'Apple AirPods Max. Acceptable condition. Fully functional. May have noticeable scratches or scuffs.', 8071053, ARRAY['https://picsum.photos/seed/2170/400/400', 'https://picsum.photos/seed/2171/400/400', 'https://picsum.photos/seed/2172/400/400', 'https://picsum.photos/seed/2173/400/400'], 5, 3, 1, false, 'used', 'Apple', 0.384, 11373, 'active', 19, 0, 14000000),
('Acer Chromebook Spin 514 R5-5625C 8GB RAM 256GB SSD Unlocked - Refurbished', 'acer-chromebook-spin-514-r5-5625c-8gb-ram-256gb-ssd-unlocked-refurbished', 'Acer Chromebook Spin 514 R5-5625C with 8GB RAM 256GB SSD storage. Certified refurbished by Acer. Tested and verified to work perfectly. May have minor cosmetic wear.', 6839840, ARRAY['https://picsum.photos/seed/2180/400/400', 'https://picsum.photos/seed/2181/400/400', 'https://picsum.photos/seed/2182/400/400', 'https://picsum.photos/seed/2183/400/400'], 1, 5, 4, false, 'refurbished', 'Acer', 1.48, 6577, 'active', 13, 25000, 10000000),
('Samsung Galaxy Watch5 Pro 45mm Unlocked - Excellent', 'samsung-galaxy-watch5-pro-45mm-unlocked-excellent', 'Samsung Galaxy Watch5 Pro 45mm. Like new condition, minimal signs of use. All original accessories included.', 8024778, ARRAY['https://picsum.photos/seed/2190/400/400', 'https://picsum.photos/seed/2191/400/400', 'https://picsum.photos/seed/2192/400/400', 'https://picsum.photos/seed/2193/400/400'], 7, 6, 1, false, 'new', 'Samsung', 0.046, 22963, 'active', 10, 0, 8500000),
('Sony WH-1000XM5 Wireless Noise Canceling Unlocked - Acceptable', 'sony-wh-1000xm5-wireless-noise-canceling-unlocked-acceptable', 'Sony WH-1000XM5 Wireless Noise Canceling. Acceptable condition. Fully functional. May have noticeable scratches or scuffs.', 5240203, ARRAY['https://picsum.photos/seed/2200/400/400', 'https://picsum.photos/seed/2201/400/400', 'https://picsum.photos/seed/2202/400/400'], 5, 5, 1, false, 'used', 'Sony', 0.25, 22522, 'active', 25, 100000, 9000000),
('HP Chromebook 11 G7 Intel 2.60GHz 4GB RAM 32GB eMMC Unlocked - Acceptable', 'hp-chromebook-11-g7-intel-260ghz-4gb-ram-32gb-emmc-unlocked-acceptable-2', 'HP Chromebook 11 G7 Intel 2.60GHz with 4GB RAM 32GB eMMC storage. Acceptable condition. Fully functional. May have noticeable scratches or scuffs.', 1473882, ARRAY['https://picsum.photos/seed/2210/400/400', 'https://picsum.photos/seed/2211/400/400', 'https://picsum.photos/seed/2212/400/400', 'https://picsum.photos/seed/2213/400/400'], 1, 8, 3, false, 'used', 'HP', 1.3, 7590, 'active', 20, 0, 2490000),
('Apple MacBook Pro 13" M2 8GB RAM 256GB SSD Unlocked - Excellent', 'apple-macbook-pro-13-m2-8gb-ram-256gb-ssd-unlocked-excellent-2', 'Apple MacBook Pro 13" M2 with 8GB RAM 256GB SSD storage. Like new condition, minimal signs of use. All original accessories included.', 27094942, ARRAY['https://picsum.photos/seed/2220/400/400', 'https://picsum.photos/seed/2221/400/400', 'https://picsum.photos/seed/2222/400/400', 'https://picsum.photos/seed/2223/400/400'], 1, 5, 2, false, 'new', 'Apple', 1.4, 20610, 'active', 21, 0, 30000000),
('Samsung Galaxy S23+ 256GB Unlocked - Refurbished', 'samsung-galaxy-s23-256gb-unlocked-refurbished', 'Samsung Galaxy S23+ with 256GB storage. Certified refurbished by Samsung. Tested and verified to work perfectly. May have minor cosmetic wear.', 12824473, ARRAY['https://picsum.photos/seed/2230/400/400', 'https://picsum.photos/seed/2231/400/400'], 3, 10, 3, false, 'refurbished', 'Samsung', 0.196, 3003, 'active', 30, 0, 19000000),
('Sony WF-1000XM5 True Wireless Unlocked - Refurbished', 'sony-wf-1000xm5-true-wireless-unlocked-refurbished-2', 'Sony WF-1000XM5 True Wireless. Certified refurbished by Sony. Tested and verified to work perfectly. May have minor cosmetic wear.', 4515686, ARRAY['https://picsum.photos/seed/2240/400/400', 'https://picsum.photos/seed/2241/400/400'], 5, 4, 2, false, 'refurbished', 'Sony', 0.056, 12038, 'active', 17, 50000, 7000000),
('Bose SoundLink Flex Bluetooth Speaker Unlocked - Acceptable', 'bose-soundlink-flex-bluetooth-speaker-unlocked-acceptable', 'Bose SoundLink Flex Bluetooth Speaker. Acceptable condition. Fully functional. May have noticeable scratches or scuffs.', 2132536, ARRAY['https://picsum.photos/seed/2250/400/400', 'https://picsum.photos/seed/2251/400/400', 'https://picsum.photos/seed/2252/400/400'], 5, 8, 3, false, 'used', 'Bose', 0.59, 11149, 'active', 26, 0, 4200000),
('Canon EOS 90D DSLR Body Unlocked - Refurbished', 'canon-eos-90d-dslr-body-unlocked-refurbished-2', 'Canon EOS 90D DSLR Body. Certified refurbished by Canon. Tested and verified to work perfectly. May have minor cosmetic wear.', 21565828, ARRAY['https://picsum.photos/seed/2260/400/400', 'https://picsum.photos/seed/2261/400/400'], 6, 4, 4, false, 'refurbished', 'Canon', 0.701, 18312, 'active', 12, 0, 35000000),
('Microsoft Surface Book 3 13.5" i7 32GB GTX 1650 32GB RAM 512GB SSD Unlocked - Good', 'microsoft-surface-book-3-135-i7-32gb-gtx-1650-32gb-ram-512gb-ssd-unlocked-good', 'Microsoft Surface Book 3 13.5" i7 32GB GTX 1650 with 32GB RAM 512GB SSD storage. Good condition. Fully functional with normal signs of use.', 14058379, ARRAY['https://picsum.photos/seed/2270/400/400', 'https://picsum.photos/seed/2271/400/400', 'https://picsum.photos/seed/2272/400/400'], 1, 9, 1, false, 'used', 'Microsoft', 1.54, 22097, 'active', 24, 100000, 28000000),
('Google Pixel 6 Pro 128GB Unlocked - Excellent', 'google-pixel-6-pro-128gb-unlocked-excellent', 'Google Pixel 6 Pro with 128GB storage. Like new condition, minimal signs of use. All original accessories included.', 10999068, ARRAY['https://picsum.photos/seed/2280/400/400', 'https://picsum.photos/seed/2281/400/400', 'https://picsum.photos/seed/2282/400/400', 'https://picsum.photos/seed/2283/400/400'], 3, 6, 1, false, 'new', 'Google', 0.21, 15499, 'active', 1, 50000, 12000000),

('Apple iPad Mini (6th Gen) Wi-Fi 64GB Unlocked - Good', 'apple-ipad-mini-6th-gen-wi-fi-64gb-unlocked-good', 'Apple iPad Mini (6th Gen) Wi-Fi with 64GB storage. Good condition. Fully functional with normal signs of use.', 7477356, ARRAY['https://picsum.photos/seed/2290/400/400', 'https://picsum.photos/seed/2291/400/400', 'https://picsum.photos/seed/2292/400/400'], 4, 10, 2, false, 'used', 'Apple', 0.293, 20870, 'active', 27, 25000, 13000000),
('Apple iPhone 13 128GB Unlocked - Acceptable', 'apple-iphone-13-128gb-unlocked-acceptable', 'Apple iPhone 13 with 128GB storage. Acceptable condition. Fully functional. May have noticeable scratches or scuffs.', 6933738, ARRAY['https://picsum.photos/seed/2300/400/400', 'https://picsum.photos/seed/2301/400/400', 'https://picsum.photos/seed/2302/400/400', 'https://picsum.photos/seed/2303/400/400'], 3, 7, 1, false, 'used', 'Apple', 0.174, 1269, 'active', 10, 25000, 13000000),
('Apple Watch Series 9 GPS 45mm Aluminum Unlocked - Excellent', 'apple-watch-series-9-gps-45mm-aluminum-unlocked-excellent-2', 'Apple Watch Series 9 GPS 45mm Aluminum. Like new condition, minimal signs of use. All original accessories included.', 11542411, ARRAY['https://picsum.photos/seed/2310/400/400', 'https://picsum.photos/seed/2311/400/400', 'https://picsum.photos/seed/2312/400/400', 'https://picsum.photos/seed/2313/400/400'], 7, 3, 4, false, 'new', 'Apple', 0.039, 22020, 'active', 24, 100000, 13000000),
('HP Spectre x360 14 i7-1255U 16GB RAM 512GB SSD Unlocked - Acceptable', 'hp-spectre-x360-14-i7-1255u-16gb-ram-512gb-ssd-unlocked-acceptable', 'HP Spectre x360 14 i7-1255U with 16GB RAM 512GB SSD storage. Acceptable condition. Fully functional. May have noticeable scratches or scuffs.', 17157944, ARRAY['https://picsum.photos/seed/2320/400/400', 'https://picsum.photos/seed/2321/400/400', 'https://picsum.photos/seed/2322/400/400', 'https://picsum.photos/seed/2323/400/400'], 1, 3, 4, false, 'used', 'HP', 1.36, 16084, 'active', 20, 25000, 30000000),
('Samsung Galaxy Tab S9 Wi-Fi 128GB Unlocked - Acceptable', 'samsung-galaxy-tab-s9-wi-fi-128gb-unlocked-acceptable', 'Samsung Galaxy Tab S9 Wi-Fi with 128GB storage. Acceptable condition. Fully functional. May have noticeable scratches or scuffs.', 9686657, ARRAY['https://picsum.photos/seed/2330/400/400', 'https://picsum.photos/seed/2331/400/400'], 4, 6, 2, false, 'used', 'Samsung', 0.498, 7786, 'active', 28, 0, 18000000),
('Apple Watch Series 9 GPS 41mm Aluminum Unlocked - Sealed', 'apple-watch-series-9-gps-41mm-aluminum-unlocked-sealed', 'Apple Watch Series 9 GPS 41mm Aluminum. Brand new, factory sealed.', 11637975, ARRAY['https://picsum.photos/seed/2340/400/400', 'https://picsum.photos/seed/2341/400/400', 'https://picsum.photos/seed/2342/400/400'], 7, 9, 3, true, 'new', 'Apple', 0.032, 9090, 'active', 1, 0, 12000000),
('Jabra Elite 4 Active True Wireless Unlocked - Acceptable', 'jabra-elite-4-active-true-wireless-unlocked-acceptable', 'Jabra Elite 4 Active True Wireless. Acceptable condition. Fully functional. May have noticeable scratches or scuffs.', 1498402, ARRAY['https://picsum.photos/seed/2350/400/400', 'https://picsum.photos/seed/2351/400/400'], 5, 4, 1, false, 'used', 'Jabra', 0.056, 1707, 'active', 26, 0, 2800000),
('Google Pixel 8 128GB Unlocked - Excellent', 'google-pixel-8-128gb-unlocked-excellent', 'Google Pixel 8 with 128GB storage. Like new condition, minimal signs of use. All original accessories included.', 15828163, ARRAY['https://picsum.photos/seed/2360/400/400', 'https://picsum.photos/seed/2361/400/400', 'https://picsum.photos/seed/2362/400/400', 'https://picsum.photos/seed/2363/400/400'], 3, 4, 1, false, 'new', 'Google', 0.187, 18210, 'active', 7, 50000, 18000000),
('Apple MacBook Pro 16" M3 Max 36GB RAM 1TB SSD Unlocked - Excellent', 'apple-macbook-pro-16-m3-max-36gb-ram-1tb-ssd-unlocked-excellent', 'Apple MacBook Pro 16" M3 Max with 36GB RAM 1TB SSD storage. Like new condition, minimal signs of use. All original accessories included.', 76159069, ARRAY['https://picsum.photos/seed/2370/400/400', 'https://picsum.photos/seed/2371/400/400', 'https://picsum.photos/seed/2372/400/400'], 1, 3, 1, true, 'new', 'Apple', 2.14, 4791, 'active', 1, 0, 85000000),
('Apple iPhone 15 Pro Max 512GB Unlocked - Refurbished', 'apple-iphone-15-pro-max-512gb-unlocked-refurbished-2', 'Apple iPhone 15 Pro Max with 512GB storage. Certified refurbished by Apple. Tested and verified to work perfectly. May have minor cosmetic wear.', 27382973, ARRAY['https://picsum.photos/seed/2380/400/400', 'https://picsum.photos/seed/2381/400/400'], 3, 1, 2, true, 'refurbished', 'Apple', 0.221, 7846, 'active', 1, 50000, 40000000),
('OnePlus 12 5G 256GB Unlocked - Refurbished', 'oneplus-12-5g-256gb-unlocked-refurbished', 'OnePlus 12 5G with 256GB storage. Certified refurbished by OnePlus. Tested and verified to work perfectly. May have minor cosmetic wear.', 12265420, ARRAY['https://picsum.photos/seed/2390/400/400', 'https://picsum.photos/seed/2391/400/400', 'https://picsum.photos/seed/2392/400/400'], 3, 1, 2, false, 'refurbished', 'OnePlus', 0.22, 17288, 'active', 4, 100000, 19000000),
('Samsung Galaxy A54 5G 128GB Unlocked - Sealed', 'samsung-galaxy-a54-5g-128gb-unlocked-sealed', 'Samsung Galaxy A54 5G with 128GB storage. Brand new, factory sealed.', 7740101, ARRAY['https://picsum.photos/seed/2400/400/400', 'https://picsum.photos/seed/2401/400/400', 'https://picsum.photos/seed/2402/400/400'], 3, 9, 1, true, 'new', 'Samsung', 0.202, 16559, 'active', 1, 0, 8000000),
('Apple iPhone 14 128GB Unlocked - Acceptable', 'apple-iphone-14-128gb-unlocked-acceptable', 'Apple iPhone 14 with 128GB storage. Acceptable condition. Fully functional. May have noticeable scratches or scuffs.', 8490943, ARRAY['https://picsum.photos/seed/2410/400/400', 'https://picsum.photos/seed/2411/400/400', 'https://picsum.photos/seed/2412/400/400', 'https://picsum.photos/seed/2413/400/400'], 3, 9, 3, false, 'used', 'Apple', 0.172, 1070, 'active', 2, 25000, 16000000),
('OnePlus Nord N30 5G 128GB Unlocked - Good', 'oneplus-nord-n30-5g-128gb-unlocked-good', 'OnePlus Nord N30 5G with 128GB storage. Good condition. Fully functional with normal signs of use.', 4043960, ARRAY['https://picsum.photos/seed/2420/400/400', 'https://picsum.photos/seed/2421/400/400', 'https://picsum.photos/seed/2422/400/400', 'https://picsum.photos/seed/2423/400/400'], 3, 2, 4, false, 'used', 'OnePlus', 0.193, 14584, 'active', 3, 0, 7000000),
('Apple AirPods (3rd Gen) Unlocked - Refurbished', 'apple-airpods-3rd-gen-unlocked-refurbished', 'Apple AirPods (3rd Gen). Certified refurbished by Apple. Tested and verified to work perfectly. May have minor cosmetic wear.', 2457769, ARRAY['https://picsum.photos/seed/2430/400/400', 'https://picsum.photos/seed/2431/400/400'], 5, 3, 3, false, 'refurbished', 'Apple', 0.046, 19231, 'active', 18, 100000, 4000000),
('Fitbit Charge 6 Advanced Fitness Tracker Unlocked - Refurbished', 'fitbit-charge-6-advanced-fitness-tracker-unlocked-refurbished', 'Fitbit Charge 6 Advanced Fitness Tracker. Certified refurbished by Fitbit. Tested and verified to work perfectly. May have minor cosmetic wear.', 2936329, ARRAY['https://picsum.photos/seed/2440/400/400', 'https://picsum.photos/seed/2441/400/400', 'https://picsum.photos/seed/2442/400/400'], 7, 8, 1, false, 'refurbished', 'Fitbit', 0.031, 3299, 'active', 26, 100000, 4200000),
('Apple iPhone 13 Pro Max 256GB Unlocked - Excellent', 'apple-iphone-13-pro-max-256gb-unlocked-excellent-2', 'Apple iPhone 13 Pro Max with 256GB storage. Like new condition, minimal signs of use. All original accessories included.', 19746065, ARRAY['https://picsum.photos/seed/2450/400/400', 'https://picsum.photos/seed/2451/400/400', 'https://picsum.photos/seed/2452/400/400', 'https://picsum.photos/seed/2453/400/400'], 3, 9, 2, false, 'new', 'Apple', 0.24, 7537, 'active', 14, 0, 20000000),
('Asus VivoBook 15 i5-1235U 8GB RAM 512GB SSD Unlocked - Good', 'asus-vivobook-15-i5-1235u-8gb-ram-512gb-ssd-unlocked-good', 'Asus VivoBook 15 i5-1235U with 8GB RAM 512GB SSD storage. Good condition. Fully functional with normal signs of use.', 7836197, ARRAY['https://picsum.photos/seed/2460/400/400', 'https://picsum.photos/seed/2461/400/400', 'https://picsum.photos/seed/2462/400/400'], 1, 2, 3, false, 'used', 'Asus', 1.75, 21844, 'active', 9, 0, 14000000),
('HP Omen 16 i7-12700H RTX 3060Ti 16GB RAM 512GB SSD Unlocked - Acceptable', 'hp-omen-16-i7-12700h-rtx-3060ti-16gb-ram-512gb-ssd-unlocked-acceptable', 'HP Omen 16 i7-12700H RTX 3060Ti with 16GB RAM 512GB SSD storage. Acceptable condition. Fully functional. May have noticeable scratches or scuffs.', 20380736, ARRAY['https://picsum.photos/seed/2470/400/400', 'https://picsum.photos/seed/2471/400/400', 'https://picsum.photos/seed/2472/400/400'], 1, 2, 1, false, 'used', 'HP', 2.37, 3104, 'active', 14, 0, 35000000),
('Dell Alienware m15 R7 i7-12700H 16GB RAM 512GB RTX 3060 Unlocked - Good', 'dell-alienware-m15-r7-i7-12700h-16gb-ram-512gb-rtx-3060-unlocked-good', 'Dell Alienware m15 R7 i7-12700H with 16GB RAM 512GB RTX 3060 storage. Good condition. Fully functional with normal signs of use.', 21162994, ARRAY['https://picsum.photos/seed/2480/400/400', 'https://picsum.photos/seed/2481/400/400'], 1, 9, 1, false, 'used', 'Dell', 2.86, 18452, 'active', 18, 0, 38000000),
('Acer Swift Go 14" Core Ultra 7 155H 16GB RAM 1TB SSD Unlocked - Refurbished', 'acer-swift-go-14-core-ultra-7-155h-16gb-ram-1tb-ssd-unlocked-refurbished-2', 'Acer Swift Go 14" Core Ultra 7 155H with 16GB RAM 1TB SSD storage. Certified refurbished by Acer. Tested and verified to work perfectly. May have minor cosmetic wear.', 11733612, ARRAY['https://picsum.photos/seed/2490/400/400', 'https://picsum.photos/seed/2491/400/400', 'https://picsum.photos/seed/2492/400/400'], 1, 7, 1, false, 'refurbished', 'Acer', 1.25, 19724, 'active', 10, 0, 20970000),
('Apple MacBook Air 15" M2 8GB RAM 256GB SSD Unlocked - Excellent', 'apple-macbook-air-15-m2-8gb-ram-256gb-ssd-unlocked-excellent', 'Apple MacBook Air 15" M2 with 8GB RAM 256GB SSD storage. Like new condition, minimal signs of use. All original accessories included.', 31456484, ARRAY['https://picsum.photos/seed/2500/400/400', 'https://picsum.photos/seed/2501/400/400'], 1, 3, 4, false, 'new', 'Apple', 1.51, 3596, 'active', 12, 50000, 32000000),
('HP Pavilion 15 i5-1235U 8GB RAM 512GB SSD Unlocked - Refurbished', 'hp-pavilion-15-i5-1235u-8gb-ram-512gb-ssd-unlocked-refurbished', 'HP Pavilion 15 i5-1235U with 8GB RAM 512GB SSD storage. Certified refurbished by HP. Tested and verified to work perfectly. May have minor cosmetic wear.', 9934199, ARRAY['https://picsum.photos/seed/2510/400/400', 'https://picsum.photos/seed/2511/400/400', 'https://picsum.photos/seed/2512/400/400', 'https://picsum.photos/seed/2513/400/400'], 1, 4, 4, false, 'refurbished', 'HP', 1.75, 20422, 'active', 20, 100000, 15000000),
('HP EliteBook 840 G9 i5-1235U 16GB RAM 256GB SSD Unlocked - Refurbished', 'hp-elitebook-840-g9-i5-1235u-16gb-ram-256gb-ssd-unlocked-refurbished', 'HP EliteBook 840 G9 i5-1235U with 16GB RAM 256GB SSD storage. Certified refurbished by HP. Tested and verified to work perfectly. May have minor cosmetic wear.', 14505058, ARRAY['https://picsum.photos/seed/2520/400/400', 'https://picsum.photos/seed/2521/400/400', 'https://picsum.photos/seed/2522/400/400', 'https://picsum.photos/seed/2523/400/400'], 1, 5, 1, false, 'refurbished', 'HP', 1.33, 23076, 'active', 25, 0, 23000000),
('Samsung Galaxy Tab S9 Ultra Wi-Fi 256GB Unlocked - Acceptable', 'samsung-galaxy-tab-s9-ultra-wi-fi-256gb-unlocked-acceptable', 'Samsung Galaxy Tab S9 Ultra Wi-Fi with 256GB storage. Acceptable condition. Fully functional. May have noticeable scratches or scuffs.', 16872297, ARRAY['https://picsum.photos/seed/2530/400/400', 'https://picsum.photos/seed/2531/400/400'], 4, 3, 2, false, 'used', 'Samsung', 0.732, 13182, 'active', 3, 0, 30000000),
('Samsung Galaxy A34 5G 128GB Unlocked - Good', 'samsung-galaxy-a34-5g-128gb-unlocked-good', 'Samsung Galaxy A34 5G with 128GB storage. Good condition. Fully functional with normal signs of use.', 2832146, ARRAY['https://picsum.photos/seed/2540/400/400', 'https://picsum.photos/seed/2541/400/400'], 3, 9, 2, false, 'used', 'Samsung', 0.199, 14915, 'active', 11, 0, 6000000),
('Acer Predator Helios 16 i9-13900HX RTX 4080 32GB RAM 1TB SSD Unlocked - Refurbished', 'acer-predator-helios-16-i9-13900hx-rtx-4080-32gb-ram-1tb-ssd-unlocked-refurbished', 'Acer Predator Helios 16 i9-13900HX RTX 4080 with 32GB RAM 1TB SSD storage. Certified refurbished by Acer. Tested and verified to work perfectly. May have minor cosmetic wear.', 43521120, ARRAY['https://picsum.photos/seed/2550/400/400', 'https://picsum.photos/seed/2551/400/400', 'https://picsum.photos/seed/2552/400/400', 'https://picsum.photos/seed/2553/400/400'], 1, 10, 1, false, 'refurbished', 'Acer', 2.6, 5148, 'active', 6, 50000, 65000000),
('Microsoft Surface Laptop 5 i7-1265U 16GB RAM 512GB SSD Unlocked - Sealed', 'microsoft-surface-laptop-5-i7-1265u-16gb-ram-512gb-ssd-unlocked-sealed', 'Microsoft Surface Laptop 5 i7-1265U with 16GB RAM 512GB SSD storage. Brand new, factory sealed.', 26184355, ARRAY['https://picsum.photos/seed/2560/400/400', 'https://picsum.photos/seed/2561/400/400', 'https://picsum.photos/seed/2562/400/400'], 1, 8, 4, false, 'new', 'Microsoft', 1.27, 14534, 'active', 14, 0, 30000000),
('Sony WF-1000XM4 True Wireless Unlocked - Excellent', 'sony-wf-1000xm4-true-wireless-unlocked-excellent', 'Sony WF-1000XM4 True Wireless. Like new condition, minimal signs of use. All original accessories included.', 4787234, ARRAY['https://picsum.photos/seed/2570/400/400', 'https://picsum.photos/seed/2571/400/400'], 5, 6, 4, true, 'new', 'Sony', 0.055, 22273, 'active', 1, 100000, 5000000),
('Asus ZenBook 14 OLED i5-1340P 16GB RAM 512GB SSD Unlocked - Refurbished', 'asus-zenbook-14-oled-i5-1340p-16gb-ram-512gb-ssd-unlocked-refurbished-2', 'Asus ZenBook 14 OLED i5-1340P with 16GB RAM 512GB SSD storage. Certified refurbished by Asus. Tested and verified to work perfectly. May have minor cosmetic wear.', 15555060, ARRAY['https://picsum.photos/seed/2580/400/400', 'https://picsum.photos/seed/2581/400/400', 'https://picsum.photos/seed/2582/400/400', 'https://picsum.photos/seed/2583/400/400'], 1, 5, 1, false, 'refurbished', 'Asus', 1.39, 19688, 'active', 2, 0, 23000000),
('Sony Alpha a7 IV Mirrorless Body Unlocked - Excellent', 'sony-alpha-a7-iv-mirrorless-body-unlocked-excellent', 'Sony Alpha a7 IV Mirrorless Body. Like new condition, minimal signs of use. All original accessories included.', 58793918, ARRAY['https://picsum.photos/seed/2590/400/400', 'https://picsum.photos/seed/2591/400/400'], 6, 5, 3, false, 'new', 'Sony', 0.659, 303, 'active', 16, 100000, 65000000),
('Samsung Galaxy Watch6 Classic 47mm Unlocked - Refurbished', 'samsung-galaxy-watch6-classic-47mm-unlocked-refurbished', 'Samsung Galaxy Watch6 Classic 47mm. Certified refurbished by Samsung. Tested and verified to work perfectly. May have minor cosmetic wear.', 6220922, ARRAY['https://picsum.photos/seed/2600/400/400', 'https://picsum.photos/seed/2601/400/400', 'https://picsum.photos/seed/2602/400/400'], 7, 9, 2, false, 'refurbished', 'Samsung', 0.059, 21940, 'active', 26, 0, 10000000),
('Samsung Galaxy Z Flip5 256GB Unlocked - Sealed', 'samsung-galaxy-z-flip5-256gb-unlocked-sealed', 'Samsung Galaxy Z Flip5 with 256GB storage. Brand new, factory sealed.', 22662346, ARRAY['https://picsum.photos/seed/2610/400/400', 'https://picsum.photos/seed/2611/400/400'], 3, 7, 1, false, 'new', 'Samsung', 0.187, 2601, 'active', 28, 0, 23000000),
('Apple iPhone 14 Pro 128GB Unlocked - Refurbished', 'apple-iphone-14-pro-128gb-unlocked-refurbished-2', 'Apple iPhone 14 Pro with 128GB storage. Certified refurbished by Apple. Tested and verified to work perfectly. May have minor cosmetic wear.', 14448136, ARRAY['https://picsum.photos/seed/2620/400/400', 'https://picsum.photos/seed/2621/400/400', 'https://picsum.photos/seed/2622/400/400', 'https://picsum.photos/seed/2623/400/400'], 3, 7, 3, true, 'refurbished', 'Apple', 0.206, 733, 'active', 1, 0, 21000000),
('Canon PowerShot G7 X Mark III Unlocked - Excellent', 'canon-powershot-g7-x-mark-iii-unlocked-excellent', 'Canon PowerShot G7 X Mark III. Like new condition, minimal signs of use. All original accessories included.', 16379786, ARRAY['https://picsum.photos/seed/2630/400/400', 'https://picsum.photos/seed/2631/400/400', 'https://picsum.photos/seed/2632/400/400', 'https://picsum.photos/seed/2633/400/400'], 6, 6, 1, false, 'new', 'Canon', 0.304, 3518, 'active', 8, 25000, 17000000),
('Acer Nitro 5 i5-12450H RTX 3050Ti 8GB RAM 512GB SSD Unlocked - Refurbished', 'acer-nitro-5-i5-12450h-rtx-3050ti-8gb-ram-512gb-ssd-unlocked-refurbished-2', 'Acer Nitro 5 i5-12450H RTX 3050Ti with 8GB RAM 512GB SSD storage. Certified refurbished by Acer. Tested and verified to work perfectly. May have minor cosmetic wear.', 14698829, ARRAY['https://picsum.photos/seed/2640/400/400', 'https://picsum.photos/seed/2641/400/400'], 1, 7, 3, false, 'refurbished', 'Acer', 2.2, 7310, 'active', 11, 0, 22000000),
('Asus ProArt Studiobook 16 i9-13980HX 32GB RAM 1TB SSD RTX 4070 Unlocked - Sealed', 'asus-proart-studiobook-16-i9-13980hx-32gb-ram-1tb-ssd-rtx-4070-unlocked-sealed-2', 'Asus ProArt Studiobook 16 i9-13980HX with 32GB RAM 1TB SSD RTX 4070 storage. Brand new, factory sealed.', 52913049, ARRAY['https://picsum.photos/seed/2650/400/400', 'https://picsum.photos/seed/2651/400/400', 'https://picsum.photos/seed/2652/400/400', 'https://picsum.photos/seed/2653/400/400'], 1, 9, 2, false, 'new', 'Asus', 2.4, 11498, 'active', 12, 100000, 60000000),
('Fitbit Sense 2 Health Smartwatch Unlocked - Acceptable', 'fitbit-sense-2-health-smartwatch-unlocked-acceptable', 'Fitbit Sense 2 Health Smartwatch. Acceptable condition. Fully functional. May have noticeable scratches or scuffs.', 3476796, ARRAY['https://picsum.photos/seed/2660/400/400', 'https://picsum.photos/seed/2661/400/400'], 7, 4, 1, false, 'used', 'Fitbit', 0.038, 6514, 'active', 6, 50000, 6000000),
('Dell XPS 15 9530 i7-13700H 16GB RAM 512GB SSD Unlocked - Excellent', 'dell-xps-15-9530-i7-13700h-16gb-ram-512gb-ssd-unlocked-excellent', 'Dell XPS 15 9530 i7-13700H with 16GB RAM 512GB SSD storage. Like new condition, minimal signs of use. All original accessories included.', 36948808, ARRAY['https://picsum.photos/seed/2670/400/400', 'https://picsum.photos/seed/2671/400/400'], 1, 3, 4, false, 'new', 'Dell', 1.86, 18522, 'active', 25, 50000, 37000000),
('Apple iPhone 15 Pro 128GB Unlocked - Refurbished', 'apple-iphone-15-pro-128gb-unlocked-refurbished-2', 'Apple iPhone 15 Pro with 128GB storage. Certified refurbished by Apple. Tested and verified to work perfectly. May have minor cosmetic wear.', 19291912, ARRAY['https://picsum.photos/seed/2680/400/400', 'https://picsum.photos/seed/2681/400/400', 'https://picsum.photos/seed/2682/400/400', 'https://picsum.photos/seed/2683/400/400'], 3, 10, 3, false, 'refurbished', 'Apple', 0.187, 20602, 'active', 11, 0, 28000000),
('Nikon Z6 III Mirrorless Body Unlocked - Refurbished', 'nikon-z6-iii-mirrorless-body-unlocked-refurbished-2', 'Nikon Z6 III Mirrorless Body. Certified refurbished by Nikon. Tested and verified to work perfectly. May have minor cosmetic wear.', 42766797, ARRAY['https://picsum.photos/seed/2690/400/400', 'https://picsum.photos/seed/2691/400/400', 'https://picsum.photos/seed/2692/400/400'], 6, 5, 3, false, 'refurbished', 'Nikon', 0.72, 11582, 'active', 17, 0, 63000000),
('Apple iPad Pro 11" M2 Wi-Fi 128GB Unlocked - Refurbished', 'apple-ipad-pro-11-m2-wi-fi-128gb-unlocked-refurbished', 'Apple iPad Pro 11" M2 Wi-Fi with 128GB storage. Certified refurbished by Apple. Tested and verified to work perfectly. May have minor cosmetic wear.', 12847732, ARRAY['https://picsum.photos/seed/2700/400/400', 'https://picsum.photos/seed/2701/400/400'], 4, 1, 3, false, 'refurbished', 'Apple', 0.466, 2564, 'active', 21, 0, 19000000),
('Canon EOS R6 Mark II Mirrorless Body Unlocked - Refurbished', 'canon-eos-r6-mark-ii-mirrorless-body-unlocked-refurbished-2', 'Canon EOS R6 Mark II Mirrorless Body. Certified refurbished by Canon. Tested and verified to work perfectly. May have minor cosmetic wear.', 40376796, ARRAY['https://picsum.photos/seed/2710/400/400', 'https://picsum.photos/seed/2711/400/400', 'https://picsum.photos/seed/2712/400/400'], 6, 8, 1, false, 'refurbished', 'Canon', 0.588, 24262, 'active', 29, 0, 60000000),
('Apple MacBook Pro 14" M3 8GB RAM 512GB SSD Unlocked - Refurbished', 'apple-macbook-pro-14-m3-8gb-ram-512gb-ssd-unlocked-refurbished', 'Apple MacBook Pro 14" M3 with 8GB RAM 512GB SSD storage. Certified refurbished by Apple. Tested and verified to work perfectly. May have minor cosmetic wear.', 27989533, ARRAY['https://picsum.photos/seed/2720/400/400', 'https://picsum.photos/seed/2721/400/400', 'https://picsum.photos/seed/2722/400/400'], 1, 10, 4, false, 'refurbished', 'Apple', 1.55, 2077, 'active', 15, 0, 42000000),
('Samsung Galaxy Z Fold5 256GB Unlocked - Good', 'samsung-galaxy-z-fold5-256gb-unlocked-good', 'Samsung Galaxy Z Fold5 with 256GB storage. Good condition. Fully functional with normal signs of use.', 22440482, ARRAY['https://picsum.photos/seed/2730/400/400', 'https://picsum.photos/seed/2731/400/400', 'https://picsum.photos/seed/2732/400/400', 'https://picsum.photos/seed/2733/400/400'], 3, 2, 1, false, 'used', 'Samsung', 0.253, 1332, 'active', 8, 100000, 40000000),
('Lenovo Legion 5 Pro i7-12700H RTX 3070Ti 16GB RAM 1TB SSD Unlocked - Refurbished', 'lenovo-legion-5-pro-i7-12700h-rtx-3070ti-16gb-ram-1tb-ssd-unlocked-refurbished', 'Lenovo Legion 5 Pro i7-12700H RTX 3070Ti with 16GB RAM 1TB SSD storage. Certified refurbished by Lenovo. Tested and verified to work perfectly. May have minor cosmetic wear.', 25643068, ARRAY['https://picsum.photos/seed/2740/400/400', 'https://picsum.photos/seed/2741/400/400', 'https://picsum.photos/seed/2742/400/400', 'https://picsum.photos/seed/2743/400/400'], 1, 9, 1, false, 'refurbished', 'Lenovo', 2.49, 12267, 'active', 30, 0, 38000000),
('Lenovo Yoga 9i Gen8 i7-1360P 16GB RAM 1TB SSD Unlocked - Refurbished', 'lenovo-yoga-9i-gen8-i7-1360p-16gb-ram-1tb-ssd-unlocked-refurbished', 'Lenovo Yoga 9i Gen8 i7-1360P with 16GB RAM 1TB SSD storage. Certified refurbished by Lenovo. Tested and verified to work perfectly. May have minor cosmetic wear.', 22874170, ARRAY['https://picsum.photos/seed/2750/400/400', 'https://picsum.photos/seed/2751/400/400', 'https://picsum.photos/seed/2752/400/400'], 1, 10, 1, false, 'refurbished', 'Lenovo', 1.39, 21260, 'active', 11, 0, 33000000),
('Apple MacBook Air 13" M2 8GB RAM 256GB SSD Unlocked - Refurbished', 'apple-macbook-air-13-m2-8gb-ram-256gb-ssd-unlocked-refurbished', 'Apple MacBook Air 13" M2 with 8GB RAM 256GB SSD storage. Certified refurbished by Apple. Tested and verified to work perfectly. May have minor cosmetic wear.', 17320133, ARRAY['https://picsum.photos/seed/2760/400/400', 'https://picsum.photos/seed/2761/400/400', 'https://picsum.photos/seed/2762/400/400', 'https://picsum.photos/seed/2763/400/400'], 1, 7, 3, false, 'refurbished', 'Apple', 1.24, 21564, 'active', 30, 50000, 26000000),
('Apple MacBook Air 13" M1 8GB RAM 256GB SSD Unlocked - Good', 'apple-macbook-air-13-m1-8gb-ram-256gb-ssd-unlocked-good', 'Apple MacBook Air 13" M1 with 8GB RAM 256GB SSD storage. Good condition. Fully functional with normal signs of use.', 11198221, ARRAY['https://picsum.photos/seed/2770/400/400', 'https://picsum.photos/seed/2771/400/400'], 1, 10, 2, false, 'used', 'Apple', 1.29, 10215, 'active', 21, 100000, 20000000),
('Bose QuietComfort Ultra Earbuds Unlocked - Refurbished', 'bose-quietcomfort-ultra-earbuds-unlocked-refurbished', 'Bose QuietComfort Ultra Earbuds. Certified refurbished by Bose. Tested and verified to work perfectly. May have minor cosmetic wear.', 5235215, ARRAY['https://picsum.photos/seed/2780/400/400', 'https://picsum.photos/seed/2781/400/400', 'https://picsum.photos/seed/2782/400/400', 'https://picsum.photos/seed/2783/400/400'], 5, 2, 3, false, 'refurbished', 'Bose', 0.061, 21135, 'active', 26, 0, 8500000),
('Samsung Galaxy S22 Ultra 128GB Unlocked - Good', 'samsung-galaxy-s22-ultra-128gb-unlocked-good', 'Samsung Galaxy S22 Ultra with 128GB storage. Good condition. Fully functional with normal signs of use.', 10505335, ARRAY['https://picsum.photos/seed/2790/400/400', 'https://picsum.photos/seed/2791/400/400', 'https://picsum.photos/seed/2792/400/400', 'https://picsum.photos/seed/2793/400/400'], 3, 9, 1, false, 'used', 'Samsung', 0.228, 13924, 'active', 17, 0, 18000000),
('Samsung Galaxy Tab A9+ Wi-Fi 64GB Unlocked - Sealed', 'samsung-galaxy-tab-a9-wi-fi-64gb-unlocked-sealed', 'Samsung Galaxy Tab A9+ Wi-Fi with 64GB storage. Brand new, factory sealed.', 7022739, ARRAY['https://picsum.photos/seed/2800/400/400', 'https://picsum.photos/seed/2801/400/400'], 4, 4, 3, false, 'new', 'Samsung', 0.48, 15984, 'active', 7, 0, 7500000),
('Apple iPhone 12 64GB Unlocked - Acceptable', 'apple-iphone-12-64gb-unlocked-acceptable', 'Apple iPhone 12 with 64GB storage. Acceptable condition. Fully functional. May have noticeable scratches or scuffs.', 4012470, ARRAY['https://picsum.photos/seed/2810/400/400', 'https://picsum.photos/seed/2811/400/400'], 3, 5, 1, false, 'used', 'Apple', 0.164, 17737, 'active', 27, 100000, 8000000),
('Apple iPad (10th Gen) Wi-Fi 64GB Unlocked - Good', 'apple-ipad-10th-gen-wi-fi-64gb-unlocked-good', 'Apple iPad (10th Gen) Wi-Fi with 64GB storage. Good condition. Fully functional with normal signs of use.', 4979162, ARRAY['https://picsum.photos/seed/2820/400/400', 'https://picsum.photos/seed/2821/400/400', 'https://picsum.photos/seed/2822/400/400', 'https://picsum.photos/seed/2823/400/400'], 4, 6, 1, false, 'used', 'Apple', 0.477, 12394, 'active', 5, 0, 10000000),
('Samsung Galaxy S23 Ultra 256GB Unlocked - Excellent', 'samsung-galaxy-s23-ultra-256gb-unlocked-excellent', 'Samsung Galaxy S23 Ultra with 256GB storage. Like new condition, minimal signs of use. All original accessories included.', 24156005, ARRAY['https://picsum.photos/seed/2830/400/400', 'https://picsum.photos/seed/2831/400/400', 'https://picsum.photos/seed/2832/400/400', 'https://picsum.photos/seed/2833/400/400'], 3, 3, 4, true, 'new', 'Samsung', 0.234, 11987, 'active', 1, 100000, 25000000),
('Asus ROG Zephyrus G14 R9-7940HS RTX 4060 16GB RAM 1TB SSD Unlocked - Good', 'asus-rog-zephyrus-g14-r9-7940hs-rtx-4060-16gb-ram-1tb-ssd-unlocked-good', 'Asus ROG Zephyrus G14 R9-7940HS RTX 4060 with 16GB RAM 1TB SSD storage. Good condition. Fully functional with normal signs of use.', 21463104, ARRAY['https://picsum.photos/seed/2840/400/400', 'https://picsum.photos/seed/2841/400/400', 'https://picsum.photos/seed/2842/400/400', 'https://picsum.photos/seed/2843/400/400'], 1, 5, 4, false, 'used', 'Asus', 1.65, 7887, 'active', 10, 25000, 38000000),
('Apple iPhone 14 Pro Max 256GB Unlocked - Acceptable', 'apple-iphone-14-pro-max-256gb-unlocked-acceptable', 'Apple iPhone 14 Pro Max with 256GB storage. Acceptable condition. Fully functional. May have noticeable scratches or scuffs.', 14406881, ARRAY['https://picsum.photos/seed/2850/400/400', 'https://picsum.photos/seed/2851/400/400', 'https://picsum.photos/seed/2852/400/400'], 3, 10, 4, false, 'used', 'Apple', 0.24, 9283, 'active', 25, 25000, 26000000),
('OnePlus 11 5G 128GB Unlocked - Refurbished', 'oneplus-11-5g-128gb-unlocked-refurbished-2', 'OnePlus 11 5G with 128GB storage. Certified refurbished by OnePlus. Tested and verified to work perfectly. May have minor cosmetic wear.', 9377995, ARRAY['https://picsum.photos/seed/2860/400/400', 'https://picsum.photos/seed/2861/400/400'], 3, 4, 1, false, 'refurbished', 'OnePlus', 0.205, 8242, 'active', 2, 100000, 15000000),
('Dell Inspiron 15 3530 i5-1334U 8GB RAM 512GB SSD Unlocked - Refurbished', 'dell-inspiron-15-3530-i5-1334u-8gb-ram-512gb-ssd-unlocked-refurbished-2', 'Dell Inspiron 15 3530 i5-1334U with 8GB RAM 512GB SSD storage. Certified refurbished by Dell. Tested and verified to work perfectly. May have minor cosmetic wear.', 9278488, ARRAY['https://picsum.photos/seed/2870/400/400', 'https://picsum.photos/seed/2871/400/400', 'https://picsum.photos/seed/2872/400/400', 'https://picsum.photos/seed/2873/400/400'], 1, 2, 1, false, 'refurbished', 'Dell', 1.65, 9390, 'active', 3, 0, 14000000),
('Dell Latitude 5540 i7-1365U 16GB RAM 512GB SSD Unlocked - Excellent', 'dell-latitude-5540-i7-1365u-16gb-ram-512gb-ssd-unlocked-excellent', 'Dell Latitude 5540 i7-1365U with 16GB RAM 512GB SSD storage. Like new condition, minimal signs of use. All original accessories included.', 23403157, ARRAY['https://picsum.photos/seed/2880/400/400', 'https://picsum.photos/seed/2881/400/400'], 1, 7, 1, false, 'new', 'Dell', 1.59, 7325, 'active', 27, 25000, 25000000),
('Samsung Galaxy S24 Ultra 256GB Unlocked - Good', 'samsung-galaxy-s24-ultra-256gb-unlocked-good', 'Samsung Galaxy S24 Ultra with 256GB storage. Good condition. Fully functional with normal signs of use.', 16855931, ARRAY['https://picsum.photos/seed/2890/400/400', 'https://picsum.photos/seed/2891/400/400', 'https://picsum.photos/seed/2892/400/400'], 3, 1, 4, false, 'used', 'Samsung', 0.232, 7775, 'active', 13, 0, 31000000),
('HP Envy 16 i9-13900H RTX 4060 16GB RAM 1TB SSD Unlocked - Refurbished', 'hp-envy-16-i9-13900h-rtx-4060-16gb-ram-1tb-ssd-unlocked-refurbished-2', 'HP Envy 16 i9-13900H RTX 4060 with 16GB RAM 1TB SSD storage. Certified refurbished by HP. Tested and verified to work perfectly. May have minor cosmetic wear.', 23918227, ARRAY['https://picsum.photos/seed/2900/400/400', 'https://picsum.photos/seed/2901/400/400', 'https://picsum.photos/seed/2902/400/400'], 1, 2, 3, false, 'refurbished', 'HP', 2.36, 4558, 'active', 2, 0, 38000000),
('Sony ZV-E10 Mirrorless Body Unlocked - Acceptable', 'sony-zv-e10-mirrorless-body-unlocked-acceptable', 'Sony ZV-E10 Mirrorless Body. Acceptable condition. Fully functional. May have noticeable scratches or scuffs.', 7990809, ARRAY['https://picsum.photos/seed/2910/400/400', 'https://picsum.photos/seed/2911/400/400', 'https://picsum.photos/seed/2912/400/400', 'https://picsum.photos/seed/2913/400/400'], 6, 3, 4, false, 'used', 'Sony', 0.343, 222, 'active', 29, 0, 14000000),
('Apple Watch Ultra 2 GPS+Cellular 49mm Unlocked - Sealed', 'apple-watch-ultra-2-gpscellular-49mm-unlocked-sealed', 'Apple Watch Ultra 2 GPS+Cellular 49mm. Brand new, factory sealed.', 22154521, ARRAY['https://picsum.photos/seed/2920/400/400', 'https://picsum.photos/seed/2921/400/400'], 7, 9, 1, false, 'new', 'Apple', 0.061, 3693, 'active', 25, 0, 25000000),
('Apple AirPods Pro (2nd Gen) MagSafe USB-C Unlocked - Excellent', 'apple-airpods-pro-2nd-gen-magsafe-usb-c-unlocked-excellent', 'Apple AirPods Pro (2nd Gen) MagSafe USB-C. Like new condition, minimal signs of use. All original accessories included.', 5397767, ARRAY['https://picsum.photos/seed/2930/400/400', 'https://picsum.photos/seed/2931/400/400'], 5, 4, 4, false, 'new', 'Apple', 0.061, 20458, 'active', 15, 0, 6200000),
('Sony Alpha a7C II Mirrorless Body Unlocked - Excellent', 'sony-alpha-a7c-ii-mirrorless-body-unlocked-excellent-2', 'Sony Alpha a7C II Mirrorless Body. Like new condition, minimal signs of use. All original accessories included.', 54342922, ARRAY['https://picsum.photos/seed/2940/400/400', 'https://picsum.photos/seed/2941/400/400', 'https://picsum.photos/seed/2942/400/400'], 6, 10, 1, true, 'new', 'Sony', 0.514, 16937, 'active', 1, 50000, 55000000),
('Samsung Galaxy S22+ 128GB Unlocked - Excellent', 'samsung-galaxy-s22-128gb-unlocked-excellent', 'Samsung Galaxy S22+ with 128GB storage. Like new condition, minimal signs of use. All original accessories included.', 11351102, ARRAY['https://picsum.photos/seed/2950/400/400', 'https://picsum.photos/seed/2951/400/400', 'https://picsum.photos/seed/2952/400/400'], 3, 7, 1, false, 'new', 'Samsung', 0.195, 7932, 'active', 19, 25000, 13000000),
('Samsung Galaxy Buds FE True Wireless Unlocked - Excellent', 'samsung-galaxy-buds-fe-true-wireless-unlocked-excellent', 'Samsung Galaxy Buds FE True Wireless. Like new condition, minimal signs of use. All original accessories included.', 1914886, ARRAY['https://picsum.photos/seed/2960/400/400', 'https://picsum.photos/seed/2961/400/400', 'https://picsum.photos/seed/2962/400/400', 'https://picsum.photos/seed/2963/400/400'], 5, 6, 1, false, 'new', 'Samsung', 0.056, 17878, 'active', 17, 50000, 2200000),
('Dell XPS 13 9315 i5-1230U 16GB RAM 512GB SSD Unlocked - Refurbished', 'dell-xps-13-9315-i5-1230u-16gb-ram-512gb-ssd-unlocked-refurbished', 'Dell XPS 13 9315 i5-1230U with 16GB RAM 512GB SSD storage. Certified refurbished by Dell. Tested and verified to work perfectly. May have minor cosmetic wear.', 16968840, ARRAY['https://picsum.photos/seed/2970/400/400', 'https://picsum.photos/seed/2971/400/400', 'https://picsum.photos/seed/2972/400/400'], 1, 1, 4, false, 'refurbished', 'Dell', 1.2, 8361, 'active', 24, 0, 26000000),
('Nikon Z50 II Mirrorless Body Unlocked - Refurbished', 'nikon-z50-ii-mirrorless-body-unlocked-refurbished', 'Nikon Z50 II Mirrorless Body. Certified refurbished by Nikon. Tested and verified to work perfectly. May have minor cosmetic wear.', 17141682, ARRAY['https://picsum.photos/seed/2980/400/400', 'https://picsum.photos/seed/2981/400/400', 'https://picsum.photos/seed/2982/400/400'], 6, 4, 1, false, 'refurbished', 'Nikon', 0.45, 24140, 'active', 25, 0, 27000000),
('Samsung Galaxy S22 5G 128GB Unlocked - Excellent', 'samsung-galaxy-s22-5g-128gb-unlocked-excellent', 'Samsung Galaxy S22 5G with 128GB storage. Like new condition, minimal signs of use. All original accessories included.', 9238824, ARRAY['https://picsum.photos/seed/2990/400/400', 'https://picsum.photos/seed/2991/400/400', 'https://picsum.photos/seed/2992/400/400', 'https://picsum.photos/seed/2993/400/400'], 3, 6, 2, false, 'new', 'Samsung', 0.167, 22485, 'active', 15, 100000, 10000000),
('Apple iPhone 15 Pro Max 256GB Unlocked - Refurbished', 'apple-iphone-15-pro-max-256gb-unlocked-refurbished-2', 'Apple iPhone 15 Pro Max with 256GB storage. Certified refurbished by Apple. Tested and verified to work perfectly. May have minor cosmetic wear.', 23800000, ARRAY['https://picsum.photos/seed/3000/400/400', 'https://picsum.photos/seed/3001/400/400'], 3, 2, 4, true, 'refurbished', 'Apple', 0.221, 6655, 'active', 1, 0, 34000000),
('Garmin Fenix 7X Solar GPS Smartwatch Unlocked - Good', 'garmin-fenix-7x-solar-gps-smartwatch-unlocked-good', 'Garmin Fenix 7X Solar GPS Smartwatch. Good condition. Fully functional with normal signs of use.', 12775766, ARRAY['https://picsum.photos/seed/3010/400/400', 'https://picsum.photos/seed/3011/400/400', 'https://picsum.photos/seed/3012/400/400'], 7, 5, 1, false, 'used', 'Garmin', 0.089, 17844, 'active', 16, 0, 25000000),
('Nikon D7500 DSLR Body Unlocked - Sealed', 'nikon-d7500-dslr-body-unlocked-sealed', 'Nikon D7500 DSLR Body. Brand new, factory sealed.', 23963297, ARRAY['https://picsum.photos/seed/3020/400/400', 'https://picsum.photos/seed/3021/400/400'], 6, 5, 3, false, 'new', 'Nikon', 0.72, 1616, 'active', 28, 100000, 25000000),

('Lenovo ThinkBook 14 G5 i5-1335U 16GB RAM 512GB SSD Unlocked - Refurbished', 'lenovo-thinkbook-14-g5-i5-1335u-16gb-ram-512gb-ssd-unlocked-refurbished-2', 'Lenovo ThinkBook 14 G5 i5-1335U with 16GB RAM 512GB SSD storage. Certified refurbished by Lenovo. Tested and verified to work perfectly. May have minor cosmetic wear.', 12161043, ARRAY['https://picsum.photos/seed/3030/400/400', 'https://picsum.photos/seed/3031/400/400', 'https://picsum.photos/seed/3032/400/400'], 1, 7, 4, false, 'refurbished', 'Lenovo', 1.46, 12719, 'active', 11, 0, 19000000),
('Samsung Galaxy Watch6 44mm Unlocked - Refurbished', 'samsung-galaxy-watch6-44mm-unlocked-refurbished', 'Samsung Galaxy Watch6 44mm. Certified refurbished by Samsung. Tested and verified to work perfectly. May have minor cosmetic wear.', 4771691, ARRAY['https://picsum.photos/seed/3040/400/400', 'https://picsum.photos/seed/3041/400/400', 'https://picsum.photos/seed/3042/400/400'], 7, 9, 3, false, 'refurbished', 'Samsung', 0.033, 23875, 'active', 14, 0, 7500000),
('Lenovo ThinkPad X1 Carbon Gen11 i7-1365U 16GB RAM 512GB SSD Unlocked - Refurbished', 'lenovo-thinkpad-x1-carbon-gen11-i7-1365u-16gb-ram-512gb-ssd-unlocked-refurbished-2', 'Lenovo ThinkPad X1 Carbon Gen11 i7-1365U with 16GB RAM 512GB SSD storage. Certified refurbished by Lenovo. Tested and verified to work perfectly. May have minor cosmetic wear.', 24556889, ARRAY['https://picsum.photos/seed/3050/400/400', 'https://picsum.photos/seed/3051/400/400', 'https://picsum.photos/seed/3052/400/400', 'https://picsum.photos/seed/3053/400/400'], 1, 5, 3, true, 'refurbished', 'Lenovo', 1.12, 10795, 'active', 1, 100000, 38000000),
('GoPro HERO11 Black Action Camera Unlocked - Excellent', 'gopro-hero11-black-action-camera-unlocked-excellent-2', 'GoPro HERO11 Black Action Camera. Like new condition, minimal signs of use. All original accessories included.', 9435153, ARRAY['https://picsum.photos/seed/3060/400/400', 'https://picsum.photos/seed/3061/400/400', 'https://picsum.photos/seed/3062/400/400', 'https://picsum.photos/seed/3063/400/400'], 6, 7, 2, false, 'new', 'GoPro', 0.154, 11569, 'active', 15, 0, 10000000),
('Samsung Galaxy Buds2 Pro True Wireless Unlocked - Good', 'samsung-galaxy-buds2-pro-true-wireless-unlocked-good', 'Samsung Galaxy Buds2 Pro True Wireless. Good condition. Fully functional with normal signs of use.', 2119685, ARRAY['https://picsum.photos/seed/3070/400/400', 'https://picsum.photos/seed/3071/400/400', 'https://picsum.photos/seed/3072/400/400', 'https://picsum.photos/seed/3073/400/400'], 5, 7, 3, false, 'used', 'Samsung', 0.061, 1929, 'active', 3, 100000, 3800000),
('Sony WH-1000XM4 Wireless Noise Canceling Unlocked - Refurbished', 'sony-wh-1000xm4-wireless-noise-canceling-unlocked-refurbished', 'Sony WH-1000XM4 Wireless Noise Canceling. Certified refurbished by Sony. Tested and verified to work perfectly. May have minor cosmetic wear.', 4586918, ARRAY['https://picsum.photos/seed/3080/400/400', 'https://picsum.photos/seed/3081/400/400', 'https://picsum.photos/seed/3082/400/400', 'https://picsum.photos/seed/3083/400/400'], 5, 3, 1, false, 'refurbished', 'Sony', 0.253, 19958, 'active', 22, 25000, 7000000),
('Jabra Elite 85h Wireless Noise Canceling Unlocked - Sealed', 'jabra-elite-85h-wireless-noise-canceling-unlocked-sealed', 'Jabra Elite 85h Wireless Noise Canceling. Brand new, factory sealed.', 4320499, ARRAY['https://picsum.photos/seed/3090/400/400', 'https://picsum.photos/seed/3091/400/400'], 5, 6, 3, false, 'new', 'Jabra', 0.227, 18637, 'active', 2, 50000, 5000000),
('Google Pixel 8 Pro 128GB Unlocked - Excellent', 'google-pixel-8-pro-128gb-unlocked-excellent', 'Google Pixel 8 Pro with 128GB storage. Like new condition, minimal signs of use. All original accessories included.', 21437112, ARRAY['https://picsum.photos/seed/3100/400/400', 'https://picsum.photos/seed/3101/400/400', 'https://picsum.photos/seed/3102/400/400'], 3, 6, 4, false, 'new', 'Google', 0.213, 18856, 'active', 5, 50000, 23000000),
('Apple iPad Air M1 Wi-Fi 64GB Unlocked - Refurbished', 'apple-ipad-air-m1-wi-fi-64gb-unlocked-refurbished', 'Apple iPad Air M1 Wi-Fi with 64GB storage. Certified refurbished by Apple. Tested and verified to work perfectly. May have minor cosmetic wear.', 9159314, ARRAY['https://picsum.photos/seed/3110/400/400', 'https://picsum.photos/seed/3111/400/400', 'https://picsum.photos/seed/3112/400/400', 'https://picsum.photos/seed/3113/400/400'], 4, 5, 2, false, 'refurbished', 'Apple', 0.461, 899, 'active', 24, 0, 14000000),
('Sony Cyber-shot RX100 VII Unlocked - Refurbished', 'sony-cyber-shot-rx100-vii-unlocked-refurbished-2', 'Sony Cyber-shot RX100 VII. Certified refurbished by Sony. Tested and verified to work perfectly. May have minor cosmetic wear.', 16961571, ARRAY['https://picsum.photos/seed/3120/400/400', 'https://picsum.photos/seed/3121/400/400', 'https://picsum.photos/seed/3122/400/400', 'https://picsum.photos/seed/3123/400/400'], 6, 2, 3, false, 'refurbished', 'Sony', 0.302, 23119, 'active', 15, 0, 26000000),
('Samsung Galaxy Tab S9 FE Wi-Fi 128GB Unlocked - Acceptable', 'samsung-galaxy-tab-s9-fe-wi-fi-128gb-unlocked-acceptable', 'Samsung Galaxy Tab S9 FE Wi-Fi with 128GB storage. Acceptable condition. Fully functional. May have noticeable scratches or scuffs.', 6198898, ARRAY['https://picsum.photos/seed/3130/400/400', 'https://picsum.photos/seed/3131/400/400', 'https://picsum.photos/seed/3132/400/400', 'https://picsum.photos/seed/3133/400/400'], 4, 8, 2, false, 'used', 'Samsung', 0.523, 2476, 'active', 15, 0, 12000000),
('Microsoft Surface Pro 9 i5-1235U 8GB RAM 256GB SSD Unlocked - Good', 'microsoft-surface-pro-9-i5-1235u-8gb-ram-256gb-ssd-unlocked-good', 'Microsoft Surface Pro 9 i5-1235U with 8GB RAM 256GB SSD storage. Good condition. Fully functional with normal signs of use.', 14466931, ARRAY['https://picsum.photos/seed/3140/400/400', 'https://picsum.photos/seed/3141/400/400'], 1, 6, 3, false, 'used', 'Microsoft', 0.879, 18072, 'active', 18, 0, 25000000),
('Google Pixel 7a 128GB Unlocked - Good', 'google-pixel-7a-128gb-unlocked-good', 'Google Pixel 7a with 128GB storage. Good condition. Fully functional with normal signs of use.', 5230312, ARRAY['https://picsum.photos/seed/3150/400/400', 'https://picsum.photos/seed/3151/400/400', 'https://picsum.photos/seed/3152/400/400', 'https://picsum.photos/seed/3153/400/400'], 3, 3, 3, false, 'used', 'Google', 0.193, 4026, 'active', 7, 0, 10000000),
('Google Pixel 7 Pro 128GB Unlocked - Excellent', 'google-pixel-7-pro-128gb-unlocked-excellent', 'Google Pixel 7 Pro with 128GB storage. Like new condition, minimal signs of use. All original accessories included.', 16522078, ARRAY['https://picsum.photos/seed/3160/400/400', 'https://picsum.photos/seed/3161/400/400'], 3, 6, 1, false, 'new', 'Google', 0.212, 15365, 'active', 26, 50000, 17000000),
('GoPro HERO12 Black Action Camera Unlocked - Excellent', 'gopro-hero12-black-action-camera-unlocked-excellent', 'GoPro HERO12 Black Action Camera. Like new condition, minimal signs of use. All original accessories included.', 12904399, ARRAY['https://picsum.photos/seed/3170/400/400', 'https://picsum.photos/seed/3171/400/400'], 6, 2, 3, false, 'new', 'GoPro', 0.154, 23542, 'active', 24, 25000, 13000000),
('Garmin Venu 3 Health Smartwatch Unlocked - Refurbished', 'garmin-venu-3-health-smartwatch-unlocked-refurbished-2', 'Garmin Venu 3 Health Smartwatch. Certified refurbished by Garmin. Tested and verified to work perfectly. May have minor cosmetic wear.', 7233644, ARRAY['https://picsum.photos/seed/3180/400/400', 'https://picsum.photos/seed/3181/400/400', 'https://picsum.photos/seed/3182/400/400', 'https://picsum.photos/seed/3183/400/400'], 7, 2, 2, false, 'refurbished', 'Garmin', 0.04, 21098, 'active', 3, 25000, 11000000),
('Apple iPhone 15 128GB Unlocked - Refurbished', 'apple-iphone-15-128gb-unlocked-refurbished-2', 'Apple iPhone 15 with 128GB storage. Certified refurbished by Apple. Tested and verified to work perfectly. May have minor cosmetic wear.', 14992491, ARRAY['https://picsum.photos/seed/3190/400/400', 'https://picsum.photos/seed/3191/400/400', 'https://picsum.photos/seed/3192/400/400'], 3, 3, 1, false, 'refurbished', 'Apple', 0.171, 6012, 'active', 25, 0, 22000000),
('Lenovo IdeaPad 5 Pro 16 i5-1340P 16GB RAM 512GB SSD Unlocked - Refurbished', 'lenovo-ideapad-5-pro-16-i5-1340p-16gb-ram-512gb-ssd-unlocked-refurbished', 'Lenovo IdeaPad 5 Pro 16 i5-1340P with 16GB RAM 512GB SSD storage. Certified refurbished by Lenovo. Tested and verified to work perfectly. May have minor cosmetic wear.', 14659902, ARRAY['https://picsum.photos/seed/3200/400/400', 'https://picsum.photos/seed/3201/400/400'], 1, 2, 1, false, 'refurbished', 'Lenovo', 1.98, 5445, 'active', 6, 0, 21000000),
('Samsung Galaxy Tab S9+ Wi-Fi 256GB Unlocked - Acceptable', 'samsung-galaxy-tab-s9-wi-fi-256gb-unlocked-acceptable', 'Samsung Galaxy Tab S9+ Wi-Fi with 256GB storage. Acceptable condition. Fully functional. May have noticeable scratches or scuffs.', 12372845, ARRAY['https://picsum.photos/seed/3210/400/400', 'https://picsum.photos/seed/3211/400/400', 'https://picsum.photos/seed/3212/400/400'], 4, 9, 3, false, 'used', 'Samsung', 0.581, 8261, 'active', 7, 100000, 23000000),
('Apple iPhone SE (2022) 64GB Unlocked - Acceptable', 'apple-iphone-se-2022-64gb-unlocked-acceptable', 'Apple iPhone SE (2022) with 64GB storage. Acceptable condition. Fully functional. May have noticeable scratches or scuffs.', 3227782, ARRAY['https://picsum.photos/seed/3220/400/400', 'https://picsum.photos/seed/3221/400/400'], 3, 5, 1, false, 'used', 'Apple', 0.144, 16518, 'active', 21, 0, 6000000),
('Apple iPad Pro 12.9" M2 Wi-Fi 128GB Unlocked - Refurbished', 'apple-ipad-pro-129-m2-wi-fi-128gb-unlocked-refurbished-2', 'Apple iPad Pro 12.9" M2 Wi-Fi with 128GB storage. Certified refurbished by Apple. Tested and verified to work perfectly. May have minor cosmetic wear.', 17367703, ARRAY['https://picsum.photos/seed/3230/400/400', 'https://picsum.photos/seed/3231/400/400'], 4, 3, 1, false, 'refurbished', 'Apple', 0.682, 19879, 'active', 11, 50000, 26000000),
('Apple Watch SE (2023) GPS 44mm Unlocked - Sealed', 'apple-watch-se-2023-gps-44mm-unlocked-sealed', 'Apple Watch SE (2023) GPS 44mm. Brand new, factory sealed.', 6859503, ARRAY['https://picsum.photos/seed/3240/400/400', 'https://picsum.photos/seed/3241/400/400'], 7, 1, 1, false, 'new', 'Apple', 0.033, 6957, 'active', 25, 50000, 8000000),
('Bose QuietComfort 45 Wireless Unlocked - Refurbished', 'bose-quietcomfort-45-wireless-unlocked-refurbished-2', 'Bose QuietComfort 45 Wireless. Certified refurbished by Bose. Tested and verified to work perfectly. May have minor cosmetic wear.', 5345030, ARRAY['https://picsum.photos/seed/3250/400/400', 'https://picsum.photos/seed/3251/400/400'], 5, 8, 1, false, 'refurbished', 'Bose', 0.238, 9949, 'active', 16, 0, 8000000),
('Samsung Galaxy S24+ 256GB Unlocked - Good', 'samsung-galaxy-s24-256gb-unlocked-good', 'Samsung Galaxy S24+ with 256GB storage. Good condition. Fully functional with normal signs of use.', 14036529, ARRAY['https://picsum.photos/seed/3260/400/400', 'https://picsum.photos/seed/3261/400/400', 'https://picsum.photos/seed/3262/400/400'], 3, 5, 4, true, 'used', 'Samsung', 0.196, 2013, 'active', 1, 0, 24000000),
('Garmin Forerunner 965 GPS Running Watch Unlocked - Refurbished', 'garmin-forerunner-965-gps-running-watch-unlocked-refurbished-2', 'Garmin Forerunner 965 GPS Running Watch. Certified refurbished by Garmin. Tested and verified to work perfectly. May have minor cosmetic wear.', 11215548, ARRAY['https://picsum.photos/seed/3270/400/400', 'https://picsum.photos/seed/3271/400/400', 'https://picsum.photos/seed/3272/400/400'], 7, 4, 3, false, 'refurbished', 'Garmin', 0.053, 10292, 'active', 28, 100000, 17000000),
('Samsung Galaxy S23 128GB Unlocked - Refurbished', 'samsung-galaxy-s23-128gb-unlocked-refurbished-2', 'Samsung Galaxy S23 with 128GB storage. Certified refurbished by Samsung. Tested and verified to work perfectly. May have minor cosmetic wear.', 10305180, ARRAY['https://picsum.photos/seed/3280/400/400', 'https://picsum.photos/seed/3281/400/400', 'https://picsum.photos/seed/3282/400/400'], 3, 7, 2, false, 'refurbished', 'Samsung', 0.168, 16924, 'active', 18, 0, 15000000),
('Google Pixel 7 128GB Unlocked - Refurbished', 'google-pixel-7-128gb-unlocked-refurbished', 'Google Pixel 7 with 128GB storage. Certified refurbished by Google. Tested and verified to work perfectly. May have minor cosmetic wear.', 7778263, ARRAY['https://picsum.photos/seed/3290/400/400', 'https://picsum.photos/seed/3291/400/400'], 3, 5, 4, false, 'refurbished', 'Google', 0.197, 3222, 'active', 2, 0, 12000000),
('Google Pixel 6a 128GB Unlocked - Acceptable', 'google-pixel-6a-128gb-unlocked-acceptable-2', 'Google Pixel 6a with 128GB storage. Acceptable condition. Fully functional. May have noticeable scratches or scuffs.', 4406141, ARRAY['https://picsum.photos/seed/3300/400/400', 'https://picsum.photos/seed/3301/400/400', 'https://picsum.photos/seed/3302/400/400', 'https://picsum.photos/seed/3303/400/400'], 3, 7, 2, false, 'used', 'Google', 0.178, 5283, 'active', 27, 0, 7500000),
('Apple MacBook Pro 14" M3 Pro 18GB RAM 512GB SSD Unlocked - Acceptable', 'apple-macbook-pro-14-m3-pro-18gb-ram-512gb-ssd-unlocked-acceptable', 'Apple MacBook Pro 14" M3 Pro with 18GB RAM 512GB SSD storage. Acceptable condition. Fully functional. May have noticeable scratches or scuffs.', 32424630, ARRAY['https://picsum.photos/seed/3310/400/400', 'https://picsum.photos/seed/3311/400/400', 'https://picsum.photos/seed/3312/400/400'], 1, 4, 2, false, 'used', 'Apple', 1.61, 16916, 'active', 15, 25000, 55000000),
('Canon EOS R50 Mirrorless Body Unlocked - Good', 'canon-eos-r50-mirrorless-body-unlocked-good', 'Canon EOS R50 Mirrorless Body. Good condition. Fully functional with normal signs of use.', 12943061, ARRAY['https://picsum.photos/seed/3320/400/400', 'https://picsum.photos/seed/3321/400/400'], 6, 2, 4, false, 'used', 'Canon', 0.375, 7938, 'active', 7, 50000, 23000000),
('Apple iPhone 15 Pro 256GB Unlocked - Refurbished', 'apple-iphone-15-pro-256gb-unlocked-refurbished', 'Apple iPhone 15 Pro with 256GB storage. Certified refurbished by Apple. Tested and verified to work perfectly. May have minor cosmetic wear.', 21276497, ARRAY['https://picsum.photos/seed/3330/400/400', 'https://picsum.photos/seed/3331/400/400', 'https://picsum.photos/seed/3332/400/400'], 3, 8, 1, false, 'refurbished', 'Apple', 0.187, 21488, 'active', 22, 25000, 31000000),
('Samsung Galaxy S24 128GB Unlocked - Excellent', 'samsung-galaxy-s24-128gb-unlocked-excellent-2', 'Samsung Galaxy S24 with 128GB storage. Like new condition, minimal signs of use. All original accessories included.', 16184298, ARRAY['https://picsum.photos/seed/3340/400/400', 'https://picsum.photos/seed/3341/400/400'], 3, 7, 2, false, 'new', 'Samsung', 0.167, 23888, 'active', 12, 25000, 19000000),
('Apple AirPods Max Unlocked - Refurbished', 'apple-airpods-max-unlocked-refurbished', 'Apple AirPods Max. Certified refurbished by Apple. Tested and verified to work perfectly. May have minor cosmetic wear.', 8915080, ARRAY['https://picsum.photos/seed/3350/400/400', 'https://picsum.photos/seed/3351/400/400'], 5, 10, 1, false, 'refurbished', 'Apple', 0.384, 18178, 'active', 10, 0, 14000000),
('Acer Chromebook Spin 514 R5-5625C 8GB RAM 256GB SSD Unlocked - Refurbished', 'acer-chromebook-spin-514-r5-5625c-8gb-ram-256gb-ssd-unlocked-refurbished-2', 'Acer Chromebook Spin 514 R5-5625C with 8GB RAM 256GB SSD storage. Certified refurbished by Acer. Tested and verified to work perfectly. May have minor cosmetic wear.', 6894461, ARRAY['https://picsum.photos/seed/3360/400/400', 'https://picsum.photos/seed/3361/400/400', 'https://picsum.photos/seed/3362/400/400', 'https://picsum.photos/seed/3363/400/400'], 1, 5, 1, false, 'refurbished', 'Acer', 1.48, 3943, 'active', 5, 0, 10000000),
('Samsung Galaxy Watch5 Pro 45mm Unlocked - Refurbished', 'samsung-galaxy-watch5-pro-45mm-unlocked-refurbished', 'Samsung Galaxy Watch5 Pro 45mm. Certified refurbished by Samsung. Tested and verified to work perfectly. May have minor cosmetic wear.', 5386113, ARRAY['https://picsum.photos/seed/3370/400/400', 'https://picsum.photos/seed/3371/400/400', 'https://picsum.photos/seed/3372/400/400', 'https://picsum.photos/seed/3373/400/400'], 7, 6, 2, false, 'refurbished', 'Samsung', 0.046, 16732, 'active', 13, 50000, 8500000),
('Sony WH-1000XM5 Wireless Noise Canceling Unlocked - Sealed', 'sony-wh-1000xm5-wireless-noise-canceling-unlocked-sealed', 'Sony WH-1000XM5 Wireless Noise Canceling. Brand new, factory sealed.', 7731608, ARRAY['https://picsum.photos/seed/3380/400/400', 'https://picsum.photos/seed/3381/400/400'], 5, 6, 4, false, 'new', 'Sony', 0.25, 4930, 'active', 20, 50000, 9000000),
('HP Chromebook 11 G7 Intel 2.60GHz 4GB RAM 32GB eMMC Unlocked - Excellent', 'hp-chromebook-11-g7-intel-260ghz-4gb-ram-32gb-emmc-unlocked-excellent', 'HP Chromebook 11 G7 Intel 2.60GHz with 4GB RAM 32GB eMMC storage. Like new condition, minimal signs of use. All original accessories included.', 2437924, ARRAY['https://picsum.photos/seed/3390/400/400', 'https://picsum.photos/seed/3391/400/400', 'https://picsum.photos/seed/3392/400/400'], 1, 3, 4, false, 'new', 'HP', 1.3, 24276, 'active', 27, 0, 2490000),
('Apple MacBook Pro 13" M2 8GB RAM 256GB SSD Unlocked - Refurbished', 'apple-macbook-pro-13-m2-8gb-ram-256gb-ssd-unlocked-refurbished', 'Apple MacBook Pro 13" M2 with 8GB RAM 256GB SSD storage. Certified refurbished by Apple. Tested and verified to work perfectly. May have minor cosmetic wear.', 20827833, ARRAY['https://picsum.photos/seed/3400/400/400', 'https://picsum.photos/seed/3401/400/400', 'https://picsum.photos/seed/3402/400/400', 'https://picsum.photos/seed/3403/400/400'], 1, 9, 4, false, 'refurbished', 'Apple', 1.4, 9873, 'active', 16, 0, 30000000),
('Samsung Galaxy S23+ 256GB Unlocked - Refurbished', 'samsung-galaxy-s23-256gb-unlocked-refurbished-2', 'Samsung Galaxy S23+ with 256GB storage. Certified refurbished by Samsung. Tested and verified to work perfectly. May have minor cosmetic wear.', 12129857, ARRAY['https://picsum.photos/seed/3410/400/400', 'https://picsum.photos/seed/3411/400/400', 'https://picsum.photos/seed/3412/400/400'], 3, 10, 3, false, 'refurbished', 'Samsung', 0.196, 23817, 'active', 28, 100000, 19000000),
('Sony WF-1000XM5 True Wireless Unlocked - Refurbished', 'sony-wf-1000xm5-true-wireless-unlocked-refurbished-3', 'Sony WF-1000XM5 True Wireless. Certified refurbished by Sony. Tested and verified to work perfectly. May have minor cosmetic wear.', 4705905, ARRAY['https://picsum.photos/seed/3420/400/400', 'https://picsum.photos/seed/3421/400/400', 'https://picsum.photos/seed/3422/400/400'], 5, 5, 1, false, 'refurbished', 'Sony', 0.056, 23688, 'active', 2, 50000, 7000000),
('Bose SoundLink Flex Bluetooth Speaker Unlocked - Refurbished', 'bose-soundlink-flex-bluetooth-speaker-unlocked-refurbished', 'Bose SoundLink Flex Bluetooth Speaker. Certified refurbished by Bose. Tested and verified to work perfectly. May have minor cosmetic wear.', 2929697, ARRAY['https://picsum.photos/seed/3430/400/400', 'https://picsum.photos/seed/3431/400/400', 'https://picsum.photos/seed/3432/400/400', 'https://picsum.photos/seed/3433/400/400'], 5, 10, 4, false, 'refurbished', 'Bose', 0.59, 22356, 'active', 8, 0, 4200000),
('Canon EOS 90D DSLR Body Unlocked - Refurbished', 'canon-eos-90d-dslr-body-unlocked-refurbished-3', 'Canon EOS 90D DSLR Body. Certified refurbished by Canon. Tested and verified to work perfectly. May have minor cosmetic wear.', 24188197, ARRAY['https://picsum.photos/seed/3440/400/400', 'https://picsum.photos/seed/3441/400/400'], 6, 4, 1, false, 'refurbished', 'Canon', 0.701, 13772, 'active', 5, 25000, 35000000),
('Microsoft Surface Book 3 13.5" i7 32GB GTX 1650 32GB RAM 512GB SSD Unlocked - Refurbished', 'microsoft-surface-book-3-135-i7-32gb-gtx-1650-32gb-ram-512gb-ssd-unlocked-refurbished-2', 'Microsoft Surface Book 3 13.5" i7 32GB GTX 1650 with 32GB RAM 512GB SSD storage. Certified refurbished by Microsoft. Tested and verified to work perfectly. May have minor cosmetic wear.', 18721247, ARRAY['https://picsum.photos/seed/3450/400/400', 'https://picsum.photos/seed/3451/400/400', 'https://picsum.photos/seed/3452/400/400', 'https://picsum.photos/seed/3453/400/400'], 1, 10, 4, false, 'refurbished', 'Microsoft', 1.54, 24161, 'active', 24, 0, 28000000),
('Google Pixel 6 Pro 128GB Unlocked - Good', 'google-pixel-6-pro-128gb-unlocked-good', 'Google Pixel 6 Pro with 128GB storage. Good condition. Fully functional with normal signs of use.', 6687757, ARRAY['https://picsum.photos/seed/3460/400/400', 'https://picsum.photos/seed/3461/400/400'], 3, 9, 3, false, 'used', 'Google', 0.21, 15725, 'active', 17, 25000, 12000000),
('HP Omen 16 i7-12700H RTX 3060Ti 16GB RAM 512GB SSD Unlocked - Refurbished', 'hp-omen-16-i7-12700h-rtx-3060ti-16gb-ram-512gb-ssd-unlocked-refurbished-2', 'HP Omen 16 i7-12700H RTX 3060Ti with 16GB RAM 512GB SSD storage. Certified refurbished by HP. Tested and verified to work perfectly. May have minor cosmetic wear.', 21919900, ARRAY['https://picsum.photos/seed/3650/400/400', 'https://picsum.photos/seed/3651/400/400', 'https://picsum.photos/seed/3652/400/400'], 1, 9, 3, false, 'refurbished', 'HP', 2.37, 20979, 'active', 30, 0, 35000000),
('Apple iPhone 12 64GB Unlocked - Excellent', 'apple-iphone-12-64gb-unlocked-excellent', 'Apple iPhone 12 with 64GB storage. Like new condition, minimal signs of use. All original accessories included.', 7756321, ARRAY['https://picsum.photos/seed/3990/400/400', 'https://picsum.photos/seed/3991/400/400', 'https://picsum.photos/seed/3992/400/400'], 3, 1, 1, false, 'new', 'Apple', 0.164, 20252, 'active', 30, 25000, 8000000);
-- ============================================
-- INVENTORY
-- ============================================

INSERT INTO inventory (product_id, quantity, reserved_quantity, last_updated) VALUES
(1, 15, 2, CURRENT_TIMESTAMP),
(2, 50, 5, CURRENT_TIMESTAMP),
(3, 30, 3, CURRENT_TIMESTAMP),
(4, 20, 1, CURRENT_TIMESTAMP),
(5, 8, 0, CURRENT_TIMESTAMP),
(6, 100, 10, CURRENT_TIMESTAMP),
(7, 75, 8, CURRENT_TIMESTAMP),
(8, 150, 15, CURRENT_TIMESTAMP),
(9, 200, 20, CURRENT_TIMESTAMP),
(10, 80, 5, CURRENT_TIMESTAMP),
(11, 120, 12, CURRENT_TIMESTAMP),
(12, 45, 3, CURRENT_TIMESTAMP),
(13, 30, 2, CURRENT_TIMESTAMP),
(14, 60, 4, CURRENT_TIMESTAMP),
(15, 90, 6, CURRENT_TIMESTAMP),
(16, 25, 1, CURRENT_TIMESTAMP),
(17, 40, 2, CURRENT_TIMESTAMP);

-- ============================================
-- CARTS
-- ============================================

INSERT INTO carts (user_id) VALUES (5), (6), (7), (9);

-- ============================================
-- CART ITEMS
-- ============================================

INSERT INTO cart_items (cart_id, product_id, quantity) VALUES
(1, 2, 1),
(1, 3, 1),
(2, 8, 2),
(3, 6, 1),
(3, 10, 1),
(4, 1, 1);

-- ============================================
-- ORDERS
-- ============================================

INSERT INTO orders (buyer_id, address_id, customer_type, order_date, subtotal, shipping_fee, tax, discount_amount, total_price, status) VALUES
(5, 1, 'buyer', CURRENT_TIMESTAMP - INTERVAL '10 days', 33440000, 0, 3344000, 500000, 36284000, 'delivered'),
(6, 3, 'buyer', CURRENT_TIMESTAMP - INTERVAL '7 days', 2990000, 50000, 299000, 0, 3339000, 'shipped'),
(7, 4, 'buyer', CURRENT_TIMESTAMP - INTERVAL '5 days', 1340000, 30000, 134000, 0, 1504000, 'processing'),
(9, 6, 'buyer', CURRENT_TIMESTAMP - INTERVAL '3 days', 890000, 25000, 89000, 0, 1004000, 'confirmed'),
(10, 7, 'buyer', CURRENT_TIMESTAMP - INTERVAL '1 day', 450000, 20000, 45000, 0, 515000, 'pending');

-- Update order numbers (trigger will set them, but let's ensure)
UPDATE orders SET order_number = 'ORD-' || TO_CHAR(order_date, 'YYYYMMDD') || '-' || LPAD(id::TEXT, 6, '0');

-- ============================================
-- ORDER ITEMS
-- ============================================

INSERT INTO order_items (order_id, product_id, seller_id, quantity, unit_price, total_price) VALUES
-- Order 1
(1, 2, 2, 1, 32990000, 32990000),
(1, 9, 3, 1, 450000, 450000),
-- Order 2
(2, 8, 3, 1, 2990000, 2990000),
-- Order 3
(3, 6, 3, 1, 450000, 450000),
(3, 10, 3, 1, 890000, 890000),
-- Order 4
(4, 7, 3, 1, 890000, 890000),
-- Order 5
(5, 14, 8, 1, 450000, 450000);

-- ============================================
-- PAYMENTS
-- ============================================

INSERT INTO payments (order_id, user_id, amount, method, status, transaction_id, payment_gateway, paid_at) VALUES
(1, 5, 36284000, 'paypal', 'completed', 'PAYPAL-123456789', 'paypal', CURRENT_TIMESTAMP - INTERVAL '10 days'),
(2, 6, 3339000, 'credit_card', 'completed', 'CC-987654321', 'stripe', CURRENT_TIMESTAMP - INTERVAL '7 days'),
(3, 7, 1504000, 'paypal', 'completed', 'PAYPAL-456789123', 'paypal', CURRENT_TIMESTAMP - INTERVAL '5 days'),
(4, 9, 1004000, 'cod', 'pending', NULL, 'cod', NULL),
(5, 10, 515000, 'bank_transfer', 'pending', NULL, 'bank_transfer', NULL);

-- ============================================
-- SHIPPING INFO
-- ============================================

INSERT INTO shipping_info (order_id, carrier, tracking_number, status, shipped_at, estimated_arrival, delivered_at) VALUES
(1, 'VNPost', 'VNP123456789VN', 'delivered', CURRENT_TIMESTAMP - INTERVAL '9 days', CURRENT_TIMESTAMP - INTERVAL '7 days', CURRENT_TIMESTAMP - INTERVAL '6 days'),
(2, 'GHN', 'GHN987654321VN', 'in_transit', CURRENT_TIMESTAMP - INTERVAL '6 days', CURRENT_TIMESTAMP + INTERVAL '1 day', NULL),
(3, 'J&T Express', 'JT456789123VN', 'pending', NULL, CURRENT_TIMESTAMP + INTERVAL '3 days', NULL),
(4, NULL, NULL, 'pending', NULL, NULL, NULL),
(5, NULL, NULL, 'pending', NULL, NULL, NULL);

-- ============================================
-- COUPONS
-- ============================================

INSERT INTO coupons (code, description, discount_type, discount_value, min_order_amount, max_discount, start_date, end_date, max_usage, used_count, is_active, applicable_to) VALUES
('WELCOME2024', 'Welcome discount for new users', 'percentage', 10.00, 500000, 500000, '2024-01-01', '2024-12-31', 1000, 45, true, 'all'),
('NEWYEAR50', 'New Year special - 50k off', 'fixed', 50000, 1000000, 50000, '2024-01-01', '2024-01-31', 500, 123, true, 'all'),
('ELECTRONICS15', '15% off on electronics', 'percentage', 15.00, 2000000, 1000000, '2024-01-01', '2024-12-31', 200, 34, true, 'category'),
('FASHION20', '20% off on fashion items', 'percentage', 20.00, 500000, 300000, '2024-01-01', '2024-12-31', 300, 67, true, 'category'),
('FREESHIP', 'Free shipping on orders over 1M', 'fixed', 50000, 1000000, 50000, '2024-01-01', '2024-12-31', 10000, 456, true, 'all');

-- Link coupons to categories
UPDATE coupons SET category_id = 1 WHERE code = 'ELECTRONICS15';
UPDATE coupons SET category_id = 2 WHERE code = 'FASHION20';

-- ============================================
-- COUPON USAGE
-- ============================================

INSERT INTO coupon_usage (coupon_id, user_id, order_id, used_at) VALUES
(1, 5, 1, CURRENT_TIMESTAMP - INTERVAL '10 days');

-- ============================================
-- REVIEWS
-- ============================================

INSERT INTO reviews (product_id, reviewer_id, order_id, rating, title, comment, images, is_verified_purchase, helpful_count) VALUES
(2, 5, 1, 5, 'Amazing phone!', 'Best iPhone I have ever used. Camera quality is outstanding, battery life is great, and the titanium design feels premium.', ARRAY['https://images.unsplash.com/photo-1592286927505-2fd6c44d0fb4'], true, 12),
(9, 5, 1, 4, 'Good quality shirt', 'Nice fabric and comfortable fit. Color is exactly as shown in the picture. Recommend!', NULL, true, 5),
(8, 6, 2, 5, 'Perfect sneakers!', 'Very comfortable and stylish. Great for running and casual wear. Highly recommend!', ARRAY['https://images.unsplash.com/photo-1542291026-7eec264c27ff'], true, 8),
(6, 7, 3, 5, 'Love this shirt!', 'Perfect fit, great quality material. Will definitely buy more colors!', NULL, true, 3),
(10, 7, 3, 4, 'Nice sunglasses', 'Good quality and stylish design. UV protection works well.', NULL, true, 2),
(1, 9, NULL, 5, 'Best laptop for developers', 'M3 Max chip is incredibly fast. Perfect for coding, video editing, and multitasking.', NULL, false, 15),
(3, 10, NULL, 5, 'Excellent noise cancellation', 'Best headphones for traveling and working. Sound quality is amazing!', NULL, false, 7);

-- ============================================
-- SELLER FEEDBACK
-- ============================================

INSERT INTO seller_feedback (seller_id, average_rating, total_reviews, positive_count, neutral_count, negative_count) VALUES
(2, 4.86, 7, 6, 1, 0),
(3, 4.75, 8, 7, 1, 0),
(4, 0, 0, 0, 0, 0),
(8, 0, 0, 0, 0, 0);

-- ============================================
-- BIDS (for auction products)
-- ============================================

INSERT INTO bids (product_id, bidder_id, amount, bid_time, is_winning) VALUES
(5, 5, 66000000, CURRENT_TIMESTAMP - INTERVAL '2 days', false),
(5, 6, 66500000, CURRENT_TIMESTAMP - INTERVAL '1 day', false),
(5, 7, 67000000, CURRENT_TIMESTAMP - INTERVAL '12 hours', false),
(5, 9, 68000000, CURRENT_TIMESTAMP - INTERVAL '6 hours', true);

-- Update auction end time
UPDATE products SET auction_end_time = CURRENT_TIMESTAMP + INTERVAL '2 days' WHERE id = 5;

-- ============================================
-- RETURN REQUEST
-- ============================================

INSERT INTO return_requests (order_id, user_id, reason, status, refund_amount, created_at) VALUES
(1, 5, 'Product has a minor defect on the screen. Want to return for replacement.', 'pending', NULL, CURRENT_TIMESTAMP - INTERVAL '2 days');

-- ============================================
-- DISPUTES
-- ============================================

INSERT INTO disputes (order_id, raised_by, description, status, created_at) VALUES
(2, 6, 'Package was damaged during shipping. Shoes have scratches.', 'in_progress', CURRENT_TIMESTAMP - INTERVAL '3 days');

-- ============================================
-- MESSAGES
-- ============================================

INSERT INTO messages (sender_id, receiver_id, subject, content, is_read, read_at) VALUES
(5, 2, 'Question about MacBook Pro', 'Hi, does the MacBook come with international warranty?', true, CURRENT_TIMESTAMP - INTERVAL '8 days'),
(2, 5, 'RE: Question about MacBook Pro', 'Yes, it comes with 1-year international warranty from Apple.', true, CURRENT_TIMESTAMP - INTERVAL '8 days'),
(6, 3, 'Inquiry about return policy', 'What is your return policy for sneakers?', true, CURRENT_TIMESTAMP - INTERVAL '5 days'),
(3, 6, 'RE: Inquiry about return policy', 'We offer 30-day return policy for all unused items with original packaging.', true, CURRENT_TIMESTAMP - INTERVAL '5 days'),
(7, 4, 'Tennis racket availability', 'Do you have the tennis racket in stock? I need 2 sets.', false, NULL),
(9, 8, 'Question about desk lamp', 'Can I use this lamp with a power bank?', true, CURRENT_TIMESTAMP - INTERVAL '1 day'),
(8, 9, 'RE: Question about desk lamp', 'Yes, it has a USB-C port that works with power banks.', false, NULL);

-- ============================================
-- NOTIFICATIONS
-- ============================================

INSERT INTO notifications (user_id, type, title, body, link, is_read, read_at) VALUES
(5, 'order', 'Order Delivered', 'Your order #ORD-20240105-000001 has been delivered successfully!', '/orders/1', true, CURRENT_TIMESTAMP - INTERVAL '6 days'),
(5, 'promotion', 'New Year Sale!', 'Get 20% off on all electronics. Use code: NEWYEAR20', '/promotions', true, CURRENT_TIMESTAMP - INTERVAL '5 days'),
(6, 'shipping', 'Order Shipped', 'Your order #ORD-20240108-000002 is on the way!', '/orders/2', true, CURRENT_TIMESTAMP - INTERVAL '6 days'),
(6, 'message', 'New Message', 'You have a new message from Jane Fashion Hub', '/messages', true, CURRENT_TIMESTAMP - INTERVAL '5 days'),
(7, 'order', 'Order Confirmed', 'Your order #ORD-20240110-000003 has been confirmed!', '/orders/3', true, CURRENT_TIMESTAMP - INTERVAL '5 days'),
(7, 'promotion', 'Flash Sale Alert!', 'Flash sale on fashion items starting now!', '/promotions', false, NULL),
(9, 'order', 'Order Confirmed', 'Your order #ORD-20240112-000004 has been confirmed!', '/orders/4', true, CURRENT_TIMESTAMP - INTERVAL '3 days'),
(9, 'message', 'New Message', 'Robert Home Decor replied to your message', '/messages', false, NULL),
(10, 'order', 'Payment Pending', 'Please complete payment for order #ORD-20240114-000005', '/orders/5', false, NULL),
(10, 'system', 'Welcome!', 'Welcome to Clone eBay! Start shopping now and enjoy exclusive deals.', '/', false, NULL);

-- ============================================
-- WISHLISTS
-- ============================================

INSERT INTO wishlists (user_id, product_id) VALUES
(5, 1),
(5, 4),
(5, 11),
(6, 2),
(6, 7),
(7, 3),
(7, 5),
(7, 12),
(9, 1),
(9, 13),
(10, 8),
(10, 16);

-- ============================================
-- AUDIT LOGS
-- ============================================

INSERT INTO audit_logs (table_name, record_id, action, old_values, new_values, changed_by, ip_address, user_agent) VALUES
('products', 1, 'UPDATE', 
    '{"price": 85990000, "view_count": 1200}'::jsonb, 
    '{"price": 89990000, "view_count": 1250}'::jsonb, 
    2, '192.168.1.100', 'Mozilla/5.0 (Windows NT 10.0; Win64; x64)'),
    
('orders', 1, 'UPDATE', 
    '{"status": "shipped"}'::jsonb, 
    '{"status": "delivered"}'::jsonb, 
    1, '192.168.1.101', 'Mozilla/5.0 (Macintosh; Intel Mac OS X 10_15_7)'),
    
('users', 5, 'UPDATE', 
    '{"email": "sarah.buyer@gmail.com", "last_login": "2024-01-01 10:00:00"}'::jsonb, 
    '{"email": "sarah.buyer@gmail.com", "last_login": "2024-01-15 14:30:00"}'::jsonb, 
    5, '192.168.1.102', 'Mozilla/5.0 (iPhone; CPU iPhone OS 17_0)'),
    
('inventory', 2, 'UPDATE', 
    '{"quantity": 55, "reserved_quantity": 3}'::jsonb, 
    '{"quantity": 50, "reserved_quantity": 5}'::jsonb, 
    2, '192.168.1.100', 'Mozilla/5.0 (Windows NT 10.0; Win64; x64)'),
    
('coupons', 1, 'UPDATE', 
    '{"used_count": 40}'::jsonb, 
    '{"used_count": 45}'::jsonb, 
    1, '10.0.0.1', 'System/1.0');

-- ============================================
-- REFRESH TOKENS (Sample - expired)
-- ============================================

INSERT INTO refresh_tokens (user_id, token, expires_at, created_by_ip) VALUES
(5, 'refresh_token_abc123xyz789_user5_expired', CURRENT_TIMESTAMP - INTERVAL '1 day', '192.168.1.102'),
(6, 'refresh_token_def456uvw012_user6_expired', CURRENT_TIMESTAMP - INTERVAL '2 days', '192.168.1.103');

-- Note: Active refresh tokens should be generated by your .NET Core application during login

-- ============================================
-- UPDATE STATISTICS
-- ============================================

-- Update product view counts based on reviews and activity
UPDATE products SET view_count = view_count + (SELECT COUNT(*) * 50 FROM reviews WHERE product_id = products.id);

-- Update seller feedback averages
UPDATE seller_feedback sf 
SET 
    average_rating = (
        SELECT COALESCE(AVG(r.rating), 0) 
        FROM reviews r 
        JOIN products p ON r.product_id = p.id 
        WHERE p.seller_id = sf.seller_id
    ),
    total_reviews = (
        SELECT COUNT(*) 
        FROM reviews r 
        JOIN products p ON r.product_id = p.id 
        WHERE p.seller_id = sf.seller_id
    ),
    positive_count = (
        SELECT COUNT(*) 
        FROM reviews r 
        JOIN products p ON r.product_id = p.id 
        WHERE p.seller_id = sf.seller_id AND r.rating >= 4
    ),
    neutral_count = (
        SELECT COUNT(*) 
        FROM reviews r 
        JOIN products p ON r.product_id = p.id 
        WHERE p.seller_id = sf.seller_id AND r.rating = 3
    ),
    negative_count = (
        SELECT COUNT(*) 
        FROM reviews r 
        JOIN products p ON r.product_id = p.id 
        WHERE p.seller_id = sf.seller_id AND r.rating <= 2
    );

-- ============================================
-- VERIFICATION QUERIES
-- ============================================

-- Uncomment to verify data insertion

-- SELECT COUNT(*) as total_users FROM users;
-- SELECT COUNT(*) as total_products FROM products;
-- SELECT COUNT(*) as total_orders FROM orders;
-- SELECT COUNT(*) as total_reviews FROM reviews;
-- 
-- -- Check products with inventory
-- SELECT p.title, i.quantity, i.reserved_quantity 
-- FROM products p 
-- JOIN inventory i ON p.id = i.product_id 
-- LIMIT 10;
-- 
-- -- Check orders with items
-- SELECT o.order_number, o.total_price, o.status, COUNT(oi.id) as item_count
-- FROM orders o
-- JOIN order_items oi ON o.id = oi.order_id
-- GROUP BY o.id
-- ORDER BY o.order_date DESC;
-- 
-- -- Check top rated products
-- SELECT p.title, AVG(r.rating) as avg_rating, COUNT(r.id) as review_count
-- FROM products p
-- LEFT JOIN reviews r ON p.id = r.product_id
-- GROUP BY p.id
-- ORDER BY avg_rating DESC, review_count DESC
-- LIMIT 10;

-- ============================================
-- BANNERS
-- ============================================

INSERT INTO banners (title, description, cta_text, image_url, link_url, bg_color, text_color, type, items, display_order, is_active) VALUES
('Free shipping. Global shopping.', 'Shop internationally and enjoy free shipping on many items.', 'Shop now', 'https://i.ebayimg.com/images/g/OzMAAeSwlPBpEfM2/s-l960.webp', '/search?keyword=free+shipping', '#7E57C2', '#EDE7F6', 'single', NULL, 1, true),
('Endless accessories. Epic prices.', 'Browse millions of upgrades for your ride.', 'Explore offers', 'https://i.ebayimg.com/images/g/J6UAAeSwzfpouXBe/s-l960.webp', '/category/automotive', '#0064D2', '#FFFFFF', 'single', NULL, 2, true),
('Build an elite collection', 'Choose your next adventure from thousands of finds.', 'Shop now', NULL, '/search?keyword=collectibles', '#0064D2', '#FFFFFF', 'multi', '[{"title": "Lego", "image": "https://i.ebayimg.com/images/g/HI8AAeSwpUxotaQQ/s-l500.webp", "link": "/search?keyword=Lego"}, {"title": "Coins", "image": "https://i.ebayimg.com/images/g/65UAAeSwuolotaQU/s-l500.webp", "link": "/search?keyword=Coins"}, {"title": "Comic books", "image": "https://i.ebayimg.com/images/g/tnAAAeSww7RotaQY/s-l500.webp", "link": "/search?keyword=Comic+books"}]', 3, true),
('It’s up to you', 'Customize your ride, your way, with a selection of parts on eBay.', 'Explore offers', 'https://i.ebayimg.com/images/g/fl4AAeSwV0hpndZs/s-l960.webp', '/category/automotive', '#0064D2', '#FFFFFF', 'single', NULL, 4, true);

-- ============================================
-- END OF SAMPLE DATA SCRIPT
-- ============================================

ANALYZE users;
ANALYZE products;
ANALYZE orders;
ANALYZE reviews;
ANALYZE inventory;

SELECT 'Sample data inserted successfully!' as status;